SCAN,ADDRESS,TIMESTAMP,UUID,MAJOR,MINOR,TX POWER,RSSI,DISTANCE
0,DC:A6:32:33:E9:E9,2020-06-27 05:16:45.591591,67a573ac-b81f-11ea-a477-dca63233e9e8,1,1,1,-40,0.97155
1,DC:A6:32:33:E9:E9,2020-06-27 05:16:46.063479,67a573ac-b81f-11ea-a477-dca63233e9e8,1,1,1,-45,0.97155
2,DC:A6:32:33:E9:E9,2020-06-27 05:16:48.068599,67a573ac-b81f-11ea-a477-dca63233e9e8,1,1,1,-42,0.97155
3,DC:A6:32:33:E9:E9,2020-06-27 05:16:49.013442,67a573ac-b81f-11ea-a477-dca63233e9e8,1,1,1,-42,0.97155
4,DC:A6:32:33:E9:E9,2020-06-27 05:16:50.107658,67a573ac-b81f-11ea-a477-dca63233e9e8,1,1,1,-42,0.97155
5,DC:A6:32:33:E9:E9,2020-06-27 05:16:52.112399,67a573ac-b81f-11ea-a477-dca63233e9e8,1,1,1,-43,0.97155
6,DC:A6:32:33:E9:E9,2020-06-27 05:16:53.138525,67a573ac-b81f-11ea-a477-dca63233e9e8,1,1,1,-42,0.97155
7,DC:A6:32:33:E9:E9,2020-06-27 05:16:54.143485,67a573ac-b81f-11ea-a477-dca63233e9e8,1,1,1,-45,0.97155
8,DC:A6:32:33:E9:E9,2020-06-27 05:16:55.039105,67a573ac-b81f-11ea-a477-dca63233e9e8,1,1,1,-46,0.97155
9,DC:A6:32:33:E9:E9,2020-06-27 05:16:56.137517,67a573ac-b81f-11ea-a477-dca63233e9e8,1,1,1,-42,0.97155
10,DC:A6:32:33:E9:E9,2020-06-27 05:16:57.494936,67a573ac-b81f-11ea-a477-dca63233e9e8,1,1,1,-42,0.97155
11,DC:A6:32:33:E9:E9,2020-06-27 05:16:58.048520,67a573ac-b81f-11ea-a477-dca63233e9e8,1,1,1,-45,0.97155
12,DC:A6:32:33:E9:E9,2020-06-27 05:16:59.654772,67a573ac-b81f-11ea-a477-dca63233e9e8,1,1,1,-42,0.97155
13,DC:A6:32:33:E9:E9,2020-06-27 05:17:00.122299,67a573ac-b81f-11ea-a477-dca63233e9e8,1,1,1,-43,0.97155
14,DC:A6:32:33:E9:E9,2020-06-27 05:17:01.576053,67a573ac-b81f-11ea-a477-dca63233e9e8,1,1,1,-43,0.97155
15,DC:A6:32:33:E9:E9,2020-06-27 05:17:02.106177,67a573ac-b81f-11ea-a477-dca63233e9e8,1,1,1,-42,0.97155
16,DC:A6:32:33:E9:E9,2020-06-27 05:17:03.193581,67a573ac-b81f-11ea-a477-dca63233e9e8,1,1,1,-42,0.97155
17,DC:A6:32:33:E9:E9,2020-06-27 05:17:04.823613,67a573ac-b81f-11ea-a477-dca63233e9e8,1,1,1,-42,0.97155
18,DC:A6:32:33:E9:E9,2020-06-27 05:17:05.018552,67a573ac-b81f-11ea-a477-dca63233e9e8,1,1,1,-43,0.97155
19,DC:A6:32:33:E9:E9,2020-06-27 05:17:06.719126,67a573ac-b81f-11ea-a477-dca63233e9e8,1,1,1,-42,0.97155
20,DC:A6:32:33:E9:E9,2020-06-27 05:17:07.078051,67a573ac-b81f-11ea-a477-dca63233e9e8,1,1,1,-43,0.97155
21,DC:A6:32:33:E9:E9,2020-06-27 05:17:08.079219,67a573ac-b81f-11ea-a477-dca63233e9e8,1,1,1,-42,0.97155
22,DC:A6:32:33:E9:E9,2020-06-27 05:17:09.104840,67a573ac-b81f-11ea-a477-dca63233e9e8,1,1,1,-45,0.97155
23,DC:A6:32:33:E9:E9,2020-06-27 05:17:10.013594,67a573ac-b81f-11ea-a477-dca63233e9e8,1,1,1,-43,0.97155
24,DC:A6:32:33:E9:E9,2020-06-27 05:17:12.024642,67a573ac-b81f-11ea-a477-dca63233e9e8,1,1,1,-42,0.97155
25,DC:A6:32:33:E9:E9,2020-06-27 05:17:13.714343,67a573ac-b81f-11ea-a477-dca63233e9e8,1,1,1,-42,0.97155
26,DC:A6:32:33:E9:E9,2020-06-27 05:17:14.323655,67a573ac-b81f-11ea-a477-dca63233e9e8,1,1,1,-42,0.97155
27,DC:A6:32:33:E9:E9,2020-06-27 05:17:15.327490,67a573ac-b81f-11ea-a477-dca63233e9e8,1,1,1,-48,0.97155
28,DC:A6:32:33:E9:E9,2020-06-27 05:17:16.218834,67a573ac-b81f-11ea-a477-dca63233e9e8,1,1,1,-43,0.97155
29,DC:A6:32:33:E9:E9,2020-06-27 05:17:17.261627,67a573ac-b81f-11ea-a477-dca63233e9e8,1,1,1,-45,0.97155
30,DC:A6:32:33:E9:E9,2020-06-27 05:17:19.266309,67a573ac-b81f-11ea-a477-dca63233e9e8,1,1,1,-42,0.97155
31,DC:A6:32:33:E9:E9,2020-06-27 05:17:20.508738,67a573ac-b81f-11ea-a477-dca63233e9e8,1,1,1,-42,0.97155
32,DC:A6:32:33:E9:E9,2020-06-27 05:17:21.158703,67a573ac-b81f-11ea-a477-dca63233e9e8,1,1,1,-42,0.97155
33,DC:A6:32:33:E9:E9,2020-06-27 05:17:22.467108,67a573ac-b81f-11ea-a477-dca63233e9e8,1,1,1,-42,0.97155
34,DC:A6:32:33:E9:E9,2020-06-27 05:17:23.031872,67a573ac-b81f-11ea-a477-dca63233e9e8,1,1,1,-43,0.97155
35,DC:A6:32:33:E9:E9,2020-06-27 05:17:24.365022,67a573ac-b81f-11ea-a477-dca63233e9e8,1,1,1,-43,0.97155
36,DC:A6:32:33:E9:E9,2020-06-27 05:17:26.370189,67a573ac-b81f-11ea-a477-dca63233e9e8,1,1,1,-42,0.97155
37,DC:A6:32:33:E9:E9,2020-06-27 05:17:27.108806,67a573ac-b81f-11ea-a477-dca63233e9e8,1,1,1,-42,0.97155
38,DC:A6:32:33:E9:E9,2020-06-27 05:17:28.983850,67a573ac-b81f-11ea-a477-dca63233e9e8,1,1,1,-42,0.97155
39,DC:A6:32:33:E9:E9,2020-06-27 05:17:29.004967,67a573ac-b81f-11ea-a477-dca63233e9e8,1,1,1,-42,0.97155
40,DC:A6:32:33:E9:E9,2020-06-27 05:17:30.307548,67a573ac-b81f-11ea-a477-dca63233e9e8,1,1,1,-42,0.97155
41,DC:A6:32:33:E9:E9,2020-06-27 05:17:31.830804,67a573ac-b81f-11ea-a477-dca63233e9e8,1,1,1,-43,0.97155
42,DC:A6:32:33:E9:E9,2020-06-27 05:17:32.028792,67a573ac-b81f-11ea-a477-dca63233e9e8,1,1,1,-42,0.97155
43,DC:A6:32:33:E9:E9,2020-06-27 05:17:33.602573,67a573ac-b81f-11ea-a477-dca63233e9e8,1,1,1,-45,0.97155
44,DC:A6:32:33:E9:E9,2020-06-27 05:17:34.105723,67a573ac-b81f-11ea-a477-dca63233e9e8,1,1,1,-43,0.97155
45,DC:A6:32:33:E9:E9,2020-06-27 05:17:36.110092,67a573ac-b81f-11ea-a477-dca63233e9e8,1,1,1,-43,0.97155
46,DC:A6:32:33:E9:E9,2020-06-27 05:17:37.954006,67a573ac-b81f-11ea-a477-dca63233e9e8,1,1,1,-42,0.97155
47,DC:A6:32:33:E9:E9,2020-06-27 05:17:38.005064,67a573ac-b81f-11ea-a477-dca63233e9e8,1,1,1,-45,0.97155
48,DC:A6:32:33:E9:E9,2020-06-27 05:17:39.335269,67a573ac-b81f-11ea-a477-dca63233e9e8,1,1,1,-42,0.97155
49,DC:A6:32:33:E9:E9,2020-06-27 05:17:41.187702,67a573ac-b81f-11ea-a477-dca63233e9e8,1,1,1,-42,0.97155
50,DC:A6:32:33:E9:E9,2020-06-27 05:17:42.314013,67a573ac-b81f-11ea-a477-dca63233e9e8,1,1,1,-43,0.97155
51,DC:A6:32:33:E9:E9,2020-06-27 05:17:44.152691,67a573ac-b81f-11ea-a477-dca63233e9e8,1,1,1,-42,0.97155
52,DC:A6:32:33:E9:E9,2020-06-27 05:17:45.573980,67a573ac-b81f-11ea-a477-dca63233e9e8,1,1,1,-48,0.97155
53,DC:A6:32:33:E9:E9,2020-06-27 05:17:46.355282,67a573ac-b81f-11ea-a477-dca63233e9e8,1,1,1,-43,0.97155
54,DC:A6:32:33:E9:E9,2020-06-27 05:17:47.475204,67a573ac-b81f-11ea-a477-dca63233e9e8,1,1,1,-45,0.97155
55,DC:A6:32:33:E9:E9,2020-06-27 05:17:48.330790,67a573ac-b81f-11ea-a477-dca63233e9e8,1,1,1,-42,0.97155
56,DC:A6:32:33:E9:E9,2020-06-27 05:17:49.155169,67a573ac-b81f-11ea-a477-dca63233e9e8,1,1,1,-42,0.97155
57,DC:A6:32:33:E9:E9,2020-06-27 05:17:51.163606,67a573ac-b81f-11ea-a477-dca63233e9e8,1,1,1,-42,0.97155
58,DC:A6:32:33:E9:E9,2020-06-27 05:17:52.312851,67a573ac-b81f-11ea-a477-dca63233e9e8,1,1,1,-42,0.97155
59,DC:A6:32:33:E9:E9,2020-06-27 05:17:54.217253,67a573ac-b81f-11ea-a477-dca63233e9e8,1,1,1,-45,0.97155
60,DC:A6:32:33:E9:E9,2020-06-27 05:17:55.604632,67a573ac-b81f-11ea-a477-dca63233e9e8,1,1,1,-45,0.97155
61,DC:A6:32:33:E9:E9,2020-06-27 05:17:56.122107,67a573ac-b81f-11ea-a477-dca63233e9e8,1,1,1,-42,0.97155
62,DC:A6:32:33:E9:E9,2020-06-27 05:17:57.139206,67a573ac-b81f-11ea-a477-dca63233e9e8,1,1,1,-48,0.97155
63,DC:A6:32:33:E9:E9,2020-06-27 05:17:58.022191,67a573ac-b81f-11ea-a477-dca63233e9e8,1,1,1,-44,0.97155
64,DC:A6:32:33:E9:E9,2020-06-27 05:17:59.680960,67a573ac-b81f-11ea-a477-dca63233e9e8,1,1,1,-45,0.97155
65,DC:A6:32:33:E9:E9,2020-06-27 05:18:00.504048,67a573ac-b81f-11ea-a477-dca63233e9e8,1,1,1,-45,0.97155
66,DC:A6:32:33:E9:E9,2020-06-27 05:18:01.022946,67a573ac-b81f-11ea-a477-dca63233e9e8,1,1,1,-43,0.97155
67,DC:A6:32:33:E9:E9,2020-06-27 05:18:02.088588,67a573ac-b81f-11ea-a477-dca63233e9e8,1,1,1,-43,0.97155
68,DC:A6:32:33:E9:E9,2020-06-27 05:18:03.007339,67a573ac-b81f-11ea-a477-dca63233e9e8,1,1,1,-48,0.97155
69,DC:A6:32:33:E9:E9,2020-06-27 05:18:04.284143,67a573ac-b81f-11ea-a477-dca63233e9e8,1,1,1,-45,0.97155
70,DC:A6:32:33:E9:E9,2020-06-27 05:18:05.183433,67a573ac-b81f-11ea-a477-dca63233e9e8,1,1,1,-40,0.97155
71,DC:A6:32:33:E9:E9,2020-06-27 05:18:07.086736,67a573ac-b81f-11ea-a477-dca63233e9e8,1,1,1,-43,0.97155
72,DC:A6:32:33:E9:E9,2020-06-27 05:18:08.148805,67a573ac-b81f-11ea-a477-dca63233e9e8,1,1,1,-42,0.97155
73,DC:A6:32:33:E9:E9,2020-06-27 05:18:09.246656,67a573ac-b81f-11ea-a477-dca63233e9e8,1,1,1,-42,0.97155
74,DC:A6:32:33:E9:E9,2020-06-27 05:18:10.014115,67a573ac-b81f-11ea-a477-dca63233e9e8,1,1,1,-42,0.97155
75,DC:A6:32:33:E9:E9,2020-06-27 05:18:11.166600,67a573ac-b81f-11ea-a477-dca63233e9e8,1,1,1,-42,0.97155
76,DC:A6:32:33:E9:E9,2020-06-27 05:18:12.249274,67a573ac-b81f-11ea-a477-dca63233e9e8,1,1,1,-45,0.97155
77,DC:A6:32:33:E9:E9,2020-06-27 05:18:13.552575,67a573ac-b81f-11ea-a477-dca63233e9e8,1,1,1,-45,0.97155
78,DC:A6:32:33:E9:E9,2020-06-27 05:18:15.456720,67a573ac-b81f-11ea-a477-dca63233e9e8,1,1,1,-45,0.97155
79,DC:A6:32:33:E9:E9,2020-06-27 05:18:16.543094,67a573ac-b81f-11ea-a477-dca63233e9e8,1,1,1,-42,0.97155
80,DC:A6:32:33:E9:E9,2020-06-27 05:18:17.356808,67a573ac-b81f-11ea-a477-dca63233e9e8,1,1,1,-43,0.97155
81,DC:A6:32:33:E9:E9,2020-06-27 05:18:18.717248,67a573ac-b81f-11ea-a477-dca63233e9e8,1,1,1,-45,0.97155
82,DC:A6:32:33:E9:E9,2020-06-27 05:18:19.002348,67a573ac-b81f-11ea-a477-dca63233e9e8,1,1,1,-46,0.97155
83,DC:A6:32:33:E9:E9,2020-06-27 05:18:20.815569,67a573ac-b81f-11ea-a477-dca63233e9e8,1,1,1,-42,0.97155
84,DC:A6:32:33:E9:E9,2020-06-27 05:18:21.109892,67a573ac-b81f-11ea-a477-dca63233e9e8,1,1,1,-45,0.97155
85,DC:A6:32:33:E9:E9,2020-06-27 05:18:23.114419,67a573ac-b81f-11ea-a477-dca63233e9e8,1,1,1,-44,0.97155
86,DC:A6:32:33:E9:E9,2020-06-27 05:18:24.696849,67a573ac-b81f-11ea-a477-dca63233e9e8,1,1,1,-42,0.97155
87,DC:A6:32:33:E9:E9,2020-06-27 05:18:25.222434,67a573ac-b81f-11ea-a477-dca63233e9e8,1,1,1,-43,0.97155
88,DC:A6:32:33:E9:E9,2020-06-27 05:18:26.335641,67a573ac-b81f-11ea-a477-dca63233e9e8,1,1,1,-43,0.97155
89,DC:A6:32:33:E9:E9,2020-06-27 05:18:28.340591,67a573ac-b81f-11ea-a477-dca63233e9e8,1,1,1,-44,0.97155
90,DC:A6:32:33:E9:E9,2020-06-27 05:18:29.375535,67a573ac-b81f-11ea-a477-dca63233e9e8,1,1,1,-43,0.97155
91,DC:A6:32:33:E9:E9,2020-06-27 05:18:30.735602,67a573ac-b81f-11ea-a477-dca63233e9e8,1,1,1,-44,0.97155
92,DC:A6:32:33:E9:E9,2020-06-27 05:18:31.288115,67a573ac-b81f-11ea-a477-dca63233e9e8,1,1,1,-42,0.97155
93,DC:A6:32:33:E9:E9,2020-06-27 05:18:32.025722,67a573ac-b81f-11ea-a477-dca63233e9e8,1,1,1,-43,0.97155
94,DC:A6:32:33:E9:E9,2020-06-27 05:18:33.114345,67a573ac-b81f-11ea-a477-dca63233e9e8,1,1,1,-43,0.97155
95,DC:A6:32:33:E9:E9,2020-06-27 05:18:34.746854,67a573ac-b81f-11ea-a477-dca63233e9e8,1,1,1,-43,0.97155
96,DC:A6:32:33:E9:E9,2020-06-27 05:18:35.691182,67a573ac-b81f-11ea-a477-dca63233e9e8,1,1,1,-43,0.97155
97,DC:A6:32:33:E9:E9,2020-06-27 05:18:36.164397,67a573ac-b81f-11ea-a477-dca63233e9e8,1,1,1,-42,0.97155
98,DC:A6:32:33:E9:E9,2020-06-27 05:18:37.403238,67a573ac-b81f-11ea-a477-dca63233e9e8,1,1,1,-42,0.97155
99,DC:A6:32:33:E9:E9,2020-06-27 05:18:38.016855,67a573ac-b81f-11ea-a477-dca63233e9e8,1,1,1,-45,0.97155
100,DC:A6:32:33:E9:E9,2020-06-27 05:18:39.109366,67a573ac-b81f-11ea-a477-dca63233e9e8,1,1,1,-42,0.97155
101,DC:A6:32:33:E9:E9,2020-06-27 05:18:40.088162,67a573ac-b81f-11ea-a477-dca63233e9e8,1,1,1,-45,0.97155
102,DC:A6:32:33:E9:E9,2020-06-27 05:18:41.188898,67a573ac-b81f-11ea-a477-dca63233e9e8,1,1,1,-44,0.97155
103,DC:A6:32:33:E9:E9,2020-06-27 05:18:42.094539,67a573ac-b81f-11ea-a477-dca63233e9e8,1,1,1,-43,0.97155
104,DC:A6:32:33:E9:E9,2020-06-27 05:18:43.785662,67a573ac-b81f-11ea-a477-dca63233e9e8,1,1,1,-42,0.97155
105,DC:A6:32:33:E9:E9,2020-06-27 05:18:44.010616,67a573ac-b81f-11ea-a477-dca63233e9e8,1,1,1,-42,0.97155
106,DC:A6:32:33:E9:E9,2020-06-27 05:18:45.048234,67a573ac-b81f-11ea-a477-dca63233e9e8,1,1,1,-42,0.97155
107,DC:A6:32:33:E9:E9,2020-06-27 05:18:46.783019,67a573ac-b81f-11ea-a477-dca63233e9e8,1,1,1,-40,0.97155
108,DC:A6:32:33:E9:E9,2020-06-27 05:18:47.006974,67a573ac-b81f-11ea-a477-dca63233e9e8,1,1,1,-43,0.97155
109,DC:A6:32:33:E9:E9,2020-06-27 05:18:49.011972,67a573ac-b81f-11ea-a477-dca63233e9e8,1,1,1,-42,0.97155
110,DC:A6:32:33:E9:E9,2020-06-27 05:18:50.046945,67a573ac-b81f-11ea-a477-dca63233e9e8,1,1,1,-45,0.97155
111,DC:A6:32:33:E9:E9,2020-06-27 05:18:51.314443,67a573ac-b81f-11ea-a477-dca63233e9e8,1,1,1,-45,0.97155
112,DC:A6:32:33:E9:E9,2020-06-27 05:18:52.193442,67a573ac-b81f-11ea-a477-dca63233e9e8,1,1,1,-42,0.97155
113,DC:A6:32:33:E9:E9,2020-06-27 05:18:54.198329,67a573ac-b81f-11ea-a477-dca63233e9e8,1,1,1,-42,0.97155
114,DC:A6:32:33:E9:E9,2020-06-27 05:18:55.113243,67a573ac-b81f-11ea-a477-dca63233e9e8,1,1,1,-42,0.97155
115,DC:A6:32:33:E9:E9,2020-06-27 05:18:56.748463,67a573ac-b81f-11ea-a477-dca63233e9e8,1,1,1,-42,0.97155
116,DC:A6:32:33:E9:E9,2020-06-27 05:18:57.069581,67a573ac-b81f-11ea-a477-dca63233e9e8,1,1,1,-42,0.97155
117,DC:A6:32:33:E9:E9,2020-06-27 05:18:59.074026,67a573ac-b81f-11ea-a477-dca63233e9e8,1,1,1,-45,0.97155
118,DC:A6:32:33:E9:E9,2020-06-27 05:19:00.283322,67a573ac-b81f-11ea-a477-dca63233e9e8,1,1,1,-46,0.97155
119,DC:A6:32:33:E9:E9,2020-06-27 05:19:02.184740,67a573ac-b81f-11ea-a477-dca63233e9e8,1,1,1,-42,0.97155
120,DC:A6:32:33:E9:E9,2020-06-27 05:19:03.190818,67a573ac-b81f-11ea-a477-dca63233e9e8,1,1,1,-42,0.97155
121,DC:A6:32:33:E9:E9,2020-06-27 05:19:04.014597,67a573ac-b81f-11ea-a477-dca63233e9e8,1,1,1,-42,0.97155
122,DC:A6:32:33:E9:E9,2020-06-27 05:19:06.019714,67a573ac-b81f-11ea-a477-dca63233e9e8,1,1,1,-42,0.97155
123,DC:A6:32:33:E9:E9,2020-06-27 05:19:07.354770,67a573ac-b81f-11ea-a477-dca63233e9e8,1,1,1,-42,0.97155
124,DC:A6:32:33:E9:E9,2020-06-27 05:19:08.895893,67a573ac-b81f-11ea-a477-dca63233e9e8,1,1,1,-45,0.97155
125,DC:A6:32:33:E9:E9,2020-06-27 05:19:09.337085,67a573ac-b81f-11ea-a477-dca63233e9e8,1,1,1,-45,0.97155
126,DC:A6:32:33:E9:E9,2020-06-27 05:19:10.188409,67a573ac-b81f-11ea-a477-dca63233e9e8,1,1,1,-42,0.97155
127,DC:A6:32:33:E9:E9,2020-06-27 05:19:12.016888,67a573ac-b81f-11ea-a477-dca63233e9e8,1,1,1,-42,0.97155
128,DC:A6:32:33:E9:E9,2020-06-27 05:19:13.109717,67a573ac-b81f-11ea-a477-dca63233e9e8,1,1,1,-43,0.97155
129,DC:A6:32:33:E9:E9,2020-06-27 05:19:14.055898,67a573ac-b81f-11ea-a477-dca63233e9e8,1,1,1,-42,0.97155
130,DC:A6:32:33:E9:E9,2020-06-27 05:19:16.060993,67a573ac-b81f-11ea-a477-dca63233e9e8,1,1,1,-45,0.97155
131,DC:A6:32:33:E9:E9,2020-06-27 05:19:17.006079,67a573ac-b81f-11ea-a477-dca63233e9e8,1,1,1,-42,0.97155
132,DC:A6:32:33:E9:E9,2020-06-27 05:19:18.038609,67a573ac-b81f-11ea-a477-dca63233e9e8,1,1,1,-42,0.97155
133,DC:A6:32:33:E9:E9,2020-06-27 05:19:20.043577,67a573ac-b81f-11ea-a477-dca63233e9e8,1,1,1,-42,0.97155
134,DC:A6:32:33:E9:E9,2020-06-27 05:19:21.201649,67a573ac-b81f-11ea-a477-dca63233e9e8,1,1,1,-49,0.97155
135,DC:A6:32:33:E9:E9,2020-06-27 05:19:22.104847,67a573ac-b81f-11ea-a477-dca63233e9e8,1,1,1,-43,0.97155
136,DC:A6:32:33:E9:E9,2020-06-27 05:19:23.014739,67a573ac-b81f-11ea-a477-dca63233e9e8,1,1,1,-45,0.97155
137,DC:A6:32:33:E9:E9,2020-06-27 05:19:24.016742,67a573ac-b81f-11ea-a477-dca63233e9e8,1,1,1,-42,0.97155
138,DC:A6:32:33:E9:E9,2020-06-27 05:19:26.020454,67a573ac-b81f-11ea-a477-dca63233e9e8,1,1,1,-45,0.97155
139,DC:A6:32:33:E9:E9,2020-06-27 05:19:28.026156,67a573ac-b81f-11ea-a477-dca63233e9e8,1,1,1,-42,0.97155
140,DC:A6:32:33:E9:E9,2020-06-27 05:19:29.059449,67a573ac-b81f-11ea-a477-dca63233e9e8,1,1,1,-42,0.97155
141,DC:A6:32:33:E9:E9,2020-06-27 05:19:30.214815,67a573ac-b81f-11ea-a477-dca63233e9e8,1,1,1,-42,0.97155
142,DC:A6:32:33:E9:E9,2020-06-27 05:19:31.037283,67a573ac-b81f-11ea-a477-dca63233e9e8,1,1,1,-42,0.97155
143,DC:A6:32:33:E9:E9,2020-06-27 05:19:32.397448,67a573ac-b81f-11ea-a477-dca63233e9e8,1,1,1,-45,0.97155
144,DC:A6:32:33:E9:E9,2020-06-27 05:19:33.754897,67a573ac-b81f-11ea-a477-dca63233e9e8,1,1,1,-42,0.97155
145,DC:A6:32:33:E9:E9,2020-06-27 05:19:34.014870,67a573ac-b81f-11ea-a477-dca63233e9e8,1,1,1,-45,0.97155
146,DC:A6:32:33:E9:E9,2020-06-27 05:19:35.122031,67a573ac-b81f-11ea-a477-dca63233e9e8,1,1,1,-43,0.97155
147,DC:A6:32:33:E9:E9,2020-06-27 05:19:37.117509,67a573ac-b81f-11ea-a477-dca63233e9e8,1,1,1,-43,0.97155
148,DC:A6:32:33:E9:E9,2020-06-27 05:19:39.122404,67a573ac-b81f-11ea-a477-dca63233e9e8,1,1,1,-42,0.97155
149,DC:A6:32:33:E9:E9,2020-06-27 05:19:40.004854,67a573ac-b81f-11ea-a477-dca63233e9e8,1,1,1,-42,0.97155
150,DC:A6:32:33:E9:E9,2020-06-27 05:19:41.640037,67a573ac-b81f-11ea-a477-dca63233e9e8,1,1,1,-42,0.97155
151,DC:A6:32:33:E9:E9,2020-06-27 05:19:42.456215,67a573ac-b81f-11ea-a477-dca63233e9e8,1,1,1,-42,0.97155
152,DC:A6:32:33:E9:E9,2020-06-27 05:19:43.002953,67a573ac-b81f-11ea-a477-dca63233e9e8,1,1,1,-42,0.97155
153,DC:A6:32:33:E9:E9,2020-06-27 05:19:44.358775,67a573ac-b81f-11ea-a477-dca63233e9e8,1,1,1,-42,0.97155
154,DC:A6:32:33:E9:E9,2020-06-27 05:19:45.443758,67a573ac-b81f-11ea-a477-dca63233e9e8,1,1,1,-43,0.97155
155,DC:A6:32:33:E9:E9,2020-06-27 05:19:46.118695,67a573ac-b81f-11ea-a477-dca63233e9e8,1,1,1,-42,0.97155
156,DC:A6:32:33:E9:E9,2020-06-27 05:19:47.217588,67a573ac-b81f-11ea-a477-dca63233e9e8,1,1,1,-42,0.97155
157,DC:A6:32:33:E9:E9,2020-06-27 05:19:48.811290,67a573ac-b81f-11ea-a477-dca63233e9e8,1,1,1,-43,0.97155
158,DC:A6:32:33:E9:E9,2020-06-27 05:19:49.033026,67a573ac-b81f-11ea-a477-dca63233e9e8,1,1,1,-42,0.97155
159,DC:A6:32:33:E9:E9,2020-06-27 05:19:50.125007,67a573ac-b81f-11ea-a477-dca63233e9e8,1,1,1,-45,0.97155
160,DC:A6:32:33:E9:E9,2020-06-27 05:19:51.069355,67a573ac-b81f-11ea-a477-dca63233e9e8,1,1,1,-42,0.97155
161,DC:A6:32:33:E9:E9,2020-06-27 05:19:52.106357,67a573ac-b81f-11ea-a477-dca63233e9e8,1,1,1,-43,0.97155
162,DC:A6:32:33:E9:E9,2020-06-27 05:19:53.468442,67a573ac-b81f-11ea-a477-dca63233e9e8,1,1,1,-42,0.97155
163,DC:A6:32:33:E9:E9,2020-06-27 05:19:54.606900,67a573ac-b81f-11ea-a477-dca63233e9e8,1,1,1,-45,0.97155
164,DC:A6:32:33:E9:E9,2020-06-27 05:19:55.606218,67a573ac-b81f-11ea-a477-dca63233e9e8,1,1,1,-42,0.97155
165,DC:A6:32:33:E9:E9,2020-06-27 05:19:56.185048,67a573ac-b81f-11ea-a477-dca63233e9e8,1,1,1,-43,0.97155
166,DC:A6:32:33:E9:E9,2020-06-27 05:19:57.545171,67a573ac-b81f-11ea-a477-dca63233e9e8,1,1,1,-42,0.97155
167,DC:A6:32:33:E9:E9,2020-06-27 05:19:59.178809,67a573ac-b81f-11ea-a477-dca63233e9e8,1,1,1,-42,0.97155
168,DC:A6:32:33:E9:E9,2020-06-27 05:20:01.183871,67a573ac-b81f-11ea-a477-dca63233e9e8,1,1,1,-42,0.97155
169,DC:A6:32:33:E9:E9,2020-06-27 05:20:02.485178,67a573ac-b81f-11ea-a477-dca63233e9e8,1,1,1,-42,0.97155
170,DC:A6:32:33:E9:E9,2020-06-27 05:20:03.486324,67a573ac-b81f-11ea-a477-dca63233e9e8,1,1,1,-43,0.97155
171,DC:A6:32:33:E9:E9,2020-06-27 05:20:04.503235,67a573ac-b81f-11ea-a477-dca63233e9e8,1,1,1,-45,0.97155
172,DC:A6:32:33:E9:E9,2020-06-27 05:20:05.087571,67a573ac-b81f-11ea-a477-dca63233e9e8,1,1,1,-42,0.97155
173,DC:A6:32:33:E9:E9,2020-06-27 05:20:06.140690,67a573ac-b81f-11ea-a477-dca63233e9e8,1,1,1,-45,0.97155
174,DC:A6:32:33:E9:E9,2020-06-27 05:20:07.068980,67a573ac-b81f-11ea-a477-dca63233e9e8,1,1,1,-43,0.97155
175,DC:A6:32:33:E9:E9,2020-06-27 05:20:08.066362,67a573ac-b81f-11ea-a477-dca63233e9e8,1,1,1,-44,0.97155
176,DC:A6:32:33:E9:E9,2020-06-27 05:20:09.126384,67a573ac-b81f-11ea-a477-dca63233e9e8,1,1,1,-45,0.97155
177,DC:A6:32:33:E9:E9,2020-06-27 05:20:10.785109,67a573ac-b81f-11ea-a477-dca63233e9e8,1,1,1,-44,0.97155
178,DC:A6:32:33:E9:E9,2020-06-27 05:20:11.034430,67a573ac-b81f-11ea-a477-dca63233e9e8,1,1,1,-42,0.97155
179,DC:A6:32:33:E9:E9,2020-06-27 05:20:12.385276,67a573ac-b81f-11ea-a477-dca63233e9e8,1,1,1,-45,0.97155
180,DC:A6:32:33:E9:E9,2020-06-27 05:20:13.475224,67a573ac-b81f-11ea-a477-dca63233e9e8,1,1,1,-43,0.97155
181,DC:A6:32:33:E9:E9,2020-06-27 05:20:14.415183,67a573ac-b81f-11ea-a477-dca63233e9e8,1,1,1,-43,0.97155
182,DC:A6:32:33:E9:E9,2020-06-27 05:20:15.391410,67a573ac-b81f-11ea-a477-dca63233e9e8,1,1,1,-42,0.97155
183,DC:A6:32:33:E9:E9,2020-06-27 05:20:16.067608,67a573ac-b81f-11ea-a477-dca63233e9e8,1,1,1,-42,0.97155
184,DC:A6:32:33:E9:E9,2020-06-27 05:20:17.894060,67a573ac-b81f-11ea-a477-dca63233e9e8,1,1,1,-42,0.97155
185,DC:A6:32:33:E9:E9,2020-06-27 05:20:18.060810,67a573ac-b81f-11ea-a477-dca63233e9e8,1,1,1,-45,0.97155
186,DC:A6:32:33:E9:E9,2020-06-27 05:20:19.035205,67a573ac-b81f-11ea-a477-dca63233e9e8,1,1,1,-42,0.97155
187,DC:A6:32:33:E9:E9,2020-06-27 05:20:20.663383,67a573ac-b81f-11ea-a477-dca63233e9e8,1,1,1,-45,0.97155
188,DC:A6:32:33:E9:E9,2020-06-27 05:20:21.390198,67a573ac-b81f-11ea-a477-dca63233e9e8,1,1,1,-43,0.97155
189,DC:A6:32:33:E9:E9,2020-06-27 05:20:22.174074,67a573ac-b81f-11ea-a477-dca63233e9e8,1,1,1,-46,0.97155
190,DC:A6:32:33:E9:E9,2020-06-27 05:20:23.538985,67a573ac-b81f-11ea-a477-dca63233e9e8,1,1,1,-42,0.97155
191,DC:A6:32:33:E9:E9,2020-06-27 05:20:24.079024,67a573ac-b81f-11ea-a477-dca63233e9e8,1,1,1,-43,0.97155
192,DC:A6:32:33:E9:E9,2020-06-27 05:20:26.084014,67a573ac-b81f-11ea-a477-dca63233e9e8,1,1,1,-43,0.97155
193,DC:A6:32:33:E9:E9,2020-06-27 05:20:27.144113,67a573ac-b81f-11ea-a477-dca63233e9e8,1,1,1,-42,0.97155
194,DC:A6:32:33:E9:E9,2020-06-27 05:20:28.159007,67a573ac-b81f-11ea-a477-dca63233e9e8,1,1,1,-45,0.97155
195,DC:A6:32:33:E9:E9,2020-06-27 05:20:29.011507,67a573ac-b81f-11ea-a477-dca63233e9e8,1,1,1,-43,0.97155
196,DC:A6:32:33:E9:E9,2020-06-27 05:20:30.407948,67a573ac-b81f-11ea-a477-dca63233e9e8,1,1,1,-42,0.97155
197,DC:A6:32:33:E9:E9,2020-06-27 05:20:31.260304,67a573ac-b81f-11ea-a477-dca63233e9e8,1,1,1,-42,0.97155
198,DC:A6:32:33:E9:E9,2020-06-27 05:20:32.087986,67a573ac-b81f-11ea-a477-dca63233e9e8,1,1,1,-42,0.97155
199,DC:A6:32:33:E9:E9,2020-06-27 05:20:33.720948,67a573ac-b81f-11ea-a477-dca63233e9e8,1,1,1,-42,0.97155
200,DC:A6:32:33:E9:E9,2020-06-27 05:20:34.009017,67a573ac-b81f-11ea-a477-dca63233e9e8,1,1,1,-48,0.97155
201,DC:A6:32:33:E9:E9,2020-06-27 05:20:35.284084,67a573ac-b81f-11ea-a477-dca63233e9e8,1,1,1,-42,0.97155
202,DC:A6:32:33:E9:E9,2020-06-27 05:20:36.578035,67a573ac-b81f-11ea-a477-dca63233e9e8,1,1,1,-42,0.97155
203,DC:A6:32:33:E9:E9,2020-06-27 05:20:37.167869,67a573ac-b81f-11ea-a477-dca63233e9e8,1,1,1,-48,0.97155
204,DC:A6:32:33:E9:E9,2020-06-27 05:20:38.076560,67a573ac-b81f-11ea-a477-dca63233e9e8,1,1,1,-42,0.97155
205,DC:A6:32:33:E9:E9,2020-06-27 05:20:39.165360,67a573ac-b81f-11ea-a477-dca63233e9e8,1,1,1,-45,0.97155
206,DC:A6:32:33:E9:E9,2020-06-27 05:20:41.170457,67a573ac-b81f-11ea-a477-dca63233e9e8,1,1,1,-42,0.97155
207,DC:A6:32:33:E9:E9,2020-06-27 05:20:42.092697,67a573ac-b81f-11ea-a477-dca63233e9e8,1,1,1,-45,0.97155
208,DC:A6:32:33:E9:E9,2020-06-27 05:20:43.921126,67a573ac-b81f-11ea-a477-dca63233e9e8,1,1,1,-45,0.97155
209,DC:A6:32:33:E9:E9,2020-06-27 05:20:44.177913,67a573ac-b81f-11ea-a477-dca63233e9e8,1,1,1,-45,0.97155
210,DC:A6:32:33:E9:E9,2020-06-27 05:20:45.282902,67a573ac-b81f-11ea-a477-dca63233e9e8,1,1,1,-42,0.97155
211,DC:A6:32:33:E9:E9,2020-06-27 05:20:46.918098,67a573ac-b81f-11ea-a477-dca63233e9e8,1,1,1,-45,0.97155
212,DC:A6:32:33:E9:E9,2020-06-27 05:20:47.020977,67a573ac-b81f-11ea-a477-dca63233e9e8,1,1,1,-42,0.97155
213,DC:A6:32:33:E9:E9,2020-06-27 05:20:48.301719,67a573ac-b81f-11ea-a477-dca63233e9e8,1,1,1,-42,0.97155
214,DC:A6:32:33:E9:E9,2020-06-27 05:20:49.229236,67a573ac-b81f-11ea-a477-dca63233e9e8,1,1,1,-42,0.97155
215,DC:A6:32:33:E9:E9,2020-06-27 05:20:50.475420,67a573ac-b81f-11ea-a477-dca63233e9e8,1,1,1,-42,0.97155
216,DC:A6:32:33:E9:E9,2020-06-27 05:20:51.264169,67a573ac-b81f-11ea-a477-dca63233e9e8,1,1,1,-43,0.97155
217,DC:A6:32:33:E9:E9,2020-06-27 05:20:52.356854,67a573ac-b81f-11ea-a477-dca63233e9e8,1,1,1,-43,0.97155
218,DC:A6:32:33:E9:E9,2020-06-27 05:20:53.444961,67a573ac-b81f-11ea-a477-dca63233e9e8,1,1,1,-43,0.97155
219,DC:A6:32:33:E9:E9,2020-06-27 05:20:55.105536,67a573ac-b81f-11ea-a477-dca63233e9e8,1,1,1,-42,0.97155
220,DC:A6:32:33:E9:E9,2020-06-27 05:20:56.426839,67a573ac-b81f-11ea-a477-dca63233e9e8,1,1,1,-43,0.97155
221,DC:A6:32:33:E9:E9,2020-06-27 05:20:57.035608,67a573ac-b81f-11ea-a477-dca63233e9e8,1,1,1,-43,0.97155
222,DC:A6:32:33:E9:E9,2020-06-27 05:20:58.221778,67a573ac-b81f-11ea-a477-dca63233e9e8,1,1,1,-44,0.97155
223,DC:A6:32:33:E9:E9,2020-06-27 05:20:59.556826,67a573ac-b81f-11ea-a477-dca63233e9e8,1,1,1,-43,0.97155
224,DC:A6:32:33:E9:E9,2020-06-27 05:21:00.081756,67a573ac-b81f-11ea-a477-dca63233e9e8,1,1,1,-45,0.97155
225,DC:A6:32:33:E9:E9,2020-06-27 05:21:01.350589,67a573ac-b81f-11ea-a477-dca63233e9e8,1,1,1,-43,0.97155
226,DC:A6:32:33:E9:E9,2020-06-27 05:21:02.206297,67a573ac-b81f-11ea-a477-dca63233e9e8,1,1,1,-42,0.97155
227,DC:A6:32:33:E9:E9,2020-06-27 05:21:03.183065,67a573ac-b81f-11ea-a477-dca63233e9e8,1,1,1,-42,0.97155
228,DC:A6:32:33:E9:E9,2020-06-27 05:21:05.191406,67a573ac-b81f-11ea-a477-dca63233e9e8,1,1,1,-42,0.97155
229,DC:A6:32:33:E9:E9,2020-06-27 05:21:06.076855,67a573ac-b81f-11ea-a477-dca63233e9e8,1,1,1,-42,0.97155
230,DC:A6:32:33:E9:E9,2020-06-27 05:21:07.645735,67a573ac-b81f-11ea-a477-dca63233e9e8,1,1,1,-43,0.97155
231,DC:A6:32:33:E9:E9,2020-06-27 05:21:08.666888,67a573ac-b81f-11ea-a477-dca63233e9e8,1,1,1,-45,0.97155
232,DC:A6:32:33:E9:E9,2020-06-27 05:21:09.066817,67a573ac-b81f-11ea-a477-dca63233e9e8,1,1,1,-43,0.97155
233,DC:A6:32:33:E9:E9,2020-06-27 05:21:10.309137,67a573ac-b81f-11ea-a477-dca63233e9e8,1,1,1,-42,0.97155
234,DC:A6:32:33:E9:E9,2020-06-27 05:21:11.108236,67a573ac-b81f-11ea-a477-dca63233e9e8,1,1,1,-43,0.97155
235,DC:A6:32:33:E9:E9,2020-06-27 05:21:12.190790,67a573ac-b81f-11ea-a477-dca63233e9e8,1,1,1,-42,0.97155
236,DC:A6:32:33:E9:E9,2020-06-27 05:21:13.080721,67a573ac-b81f-11ea-a477-dca63233e9e8,1,1,1,-45,0.97155
237,DC:A6:32:33:E9:E9,2020-06-27 05:21:14.110721,67a573ac-b81f-11ea-a477-dca63233e9e8,1,1,1,-43,0.97155
238,DC:A6:32:33:E9:E9,2020-06-27 05:21:16.115801,67a573ac-b81f-11ea-a477-dca63233e9e8,1,1,1,-45,0.97155
239,DC:A6:32:33:E9:E9,2020-06-27 05:21:17.207057,67a573ac-b81f-11ea-a477-dca63233e9e8,1,1,1,-42,0.97155
240,DC:A6:32:33:E9:E9,2020-06-27 05:21:18.029426,67a573ac-b81f-11ea-a477-dca63233e9e8,1,1,1,-43,0.97155
241,DC:A6:32:33:E9:E9,2020-06-27 05:21:20.034444,67a573ac-b81f-11ea-a477-dca63233e9e8,1,1,1,-42,0.97155
242,DC:A6:32:33:E9:E9,2020-06-27 05:21:21.279089,67a573ac-b81f-11ea-a477-dca63233e9e8,1,1,1,-42,0.97155
243,DC:A6:32:33:E9:E9,2020-06-27 05:21:22.315850,67a573ac-b81f-11ea-a477-dca63233e9e8,1,1,1,-43,0.97155
244,DC:A6:32:33:E9:E9,2020-06-27 05:21:23.078264,67a573ac-b81f-11ea-a477-dca63233e9e8,1,1,1,-43,0.97155
245,DC:A6:32:33:E9:E9,2020-06-27 05:21:24.554607,67a573ac-b81f-11ea-a477-dca63233e9e8,1,1,1,-42,0.97155
246,DC:A6:32:33:E9:E9,2020-06-27 05:21:25.256997,67a573ac-b81f-11ea-a477-dca63233e9e8,1,1,1,-43,0.97155
247,DC:A6:32:33:E9:E9,2020-06-27 05:21:26.078262,67a573ac-b81f-11ea-a477-dca63233e9e8,1,1,1,-45,0.97155
248,DC:A6:32:33:E9:E9,2020-06-27 05:21:27.262251,67a573ac-b81f-11ea-a477-dca63233e9e8,1,1,1,-42,0.97155
249,DC:A6:32:33:E9:E9,2020-06-27 05:21:28.253934,67a573ac-b81f-11ea-a477-dca63233e9e8,1,1,1,-42,0.97155
250,DC:A6:32:33:E9:E9,2020-06-27 05:21:29.058280,67a573ac-b81f-11ea-a477-dca63233e9e8,1,1,1,-43,0.97155
251,DC:A6:32:33:E9:E9,2020-06-27 05:21:31.063307,67a573ac-b81f-11ea-a477-dca63233e9e8,1,1,1,-42,0.97155
252,DC:A6:32:33:E9:E9,2020-06-27 05:21:32.341708,67a573ac-b81f-11ea-a477-dca63233e9e8,1,1,1,-43,0.97155
253,DC:A6:32:33:E9:E9,2020-06-27 05:21:33.128364,67a573ac-b81f-11ea-a477-dca63233e9e8,1,1,1,-45,0.97155
254,DC:A6:32:33:E9:E9,2020-06-27 05:21:34.350902,67a573ac-b81f-11ea-a477-dca63233e9e8,1,1,1,-44,0.97155
255,DC:A6:32:33:E9:E9,2020-06-27 05:21:35.598364,67a573ac-b81f-11ea-a477-dca63233e9e8,1,1,1,-42,0.97155
256,DC:A6:32:33:E9:E9,2020-06-27 05:21:36.746018,67a573ac-b81f-11ea-a477-dca63233e9e8,1,1,1,-42,0.97155
257,DC:A6:32:33:E9:E9,2020-06-27 05:21:37.207073,67a573ac-b81f-11ea-a477-dca63233e9e8,1,1,1,-43,0.97155
258,DC:A6:32:33:E9:E9,2020-06-27 05:21:38.091771,67a573ac-b81f-11ea-a477-dca63233e9e8,1,1,1,-42,0.97155
259,DC:A6:32:33:E9:E9,2020-06-27 05:21:39.514626,67a573ac-b81f-11ea-a477-dca63233e9e8,1,1,1,-45,0.97155
260,DC:A6:32:33:E9:E9,2020-06-27 05:21:40.038959,67a573ac-b81f-11ea-a477-dca63233e9e8,1,1,1,-43,0.97155
261,DC:A6:32:33:E9:E9,2020-06-27 05:21:41.035840,67a573ac-b81f-11ea-a477-dca63233e9e8,1,1,1,-43,0.97155
262,DC:A6:32:33:E9:E9,2020-06-27 05:21:42.128538,67a573ac-b81f-11ea-a477-dca63233e9e8,1,1,1,-42,0.97155
263,DC:A6:32:33:E9:E9,2020-06-27 05:21:43.189272,67a573ac-b81f-11ea-a477-dca63233e9e8,1,1,1,-42,0.97155
264,DC:A6:32:33:E9:E9,2020-06-27 05:21:44.407237,67a573ac-b81f-11ea-a477-dca63233e9e8,1,1,1,-45,0.97155
265,DC:A6:32:33:E9:E9,2020-06-27 05:21:45.014632,67a573ac-b81f-11ea-a477-dca63233e9e8,1,1,1,-43,0.97155
266,DC:A6:32:33:E9:E9,2020-06-27 05:21:46.557306,67a573ac-b81f-11ea-a477-dca63233e9e8,1,1,1,-42,0.97155
267,DC:A6:32:33:E9:E9,2020-06-27 05:21:47.317196,67a573ac-b81f-11ea-a477-dca63233e9e8,1,1,1,-45,0.97155
268,DC:A6:32:33:E9:E9,2020-06-27 05:21:48.323300,67a573ac-b81f-11ea-a477-dca63233e9e8,1,1,1,-44,0.97155
269,DC:A6:32:33:E9:E9,2020-06-27 05:21:50.328524,67a573ac-b81f-11ea-a477-dca63233e9e8,1,1,1,-42,0.97155
270,DC:A6:32:33:E9:E9,2020-06-27 05:21:51.088452,67a573ac-b81f-11ea-a477-dca63233e9e8,1,1,1,-43,0.97155
271,DC:A6:32:33:E9:E9,2020-06-27 05:21:53.093587,67a573ac-b81f-11ea-a477-dca63233e9e8,1,1,1,-42,0.97155
272,DC:A6:32:33:E9:E9,2020-06-27 05:21:55.098682,67a573ac-b81f-11ea-a477-dca63233e9e8,1,1,1,-45,0.97155
273,DC:A6:32:33:E9:E9,2020-06-27 05:21:56.037263,67a573ac-b81f-11ea-a477-dca63233e9e8,1,1,1,-42,0.97155
274,DC:A6:32:33:E9:E9,2020-06-27 05:21:58.042428,67a573ac-b81f-11ea-a477-dca63233e9e8,1,1,1,-42,0.97155
275,DC:A6:32:33:E9:E9,2020-06-27 05:21:59.347339,67a573ac-b81f-11ea-a477-dca63233e9e8,1,1,1,-43,0.97155
276,DC:A6:32:33:E9:E9,2020-06-27 05:22:00.318209,67a573ac-b81f-11ea-a477-dca63233e9e8,1,1,1,-45,0.97155
277,DC:A6:32:33:E9:E9,2020-06-27 05:22:01.273817,67a573ac-b81f-11ea-a477-dca63233e9e8,1,1,1,-43,0.97155
278,DC:A6:32:33:E9:E9,2020-06-27 05:22:02.101196,67a573ac-b81f-11ea-a477-dca63233e9e8,1,1,1,-45,0.97155
279,DC:A6:32:33:E9:E9,2020-06-27 05:22:03.199834,67a573ac-b81f-11ea-a477-dca63233e9e8,1,1,1,-42,0.97155
280,DC:A6:32:33:E9:E9,2020-06-27 05:22:04.301083,67a573ac-b81f-11ea-a477-dca63233e9e8,1,1,1,-45,0.97155
281,DC:A6:32:33:E9:E9,2020-06-27 05:22:05.245440,67a573ac-b81f-11ea-a477-dca63233e9e8,1,1,1,-43,0.97155
282,DC:A6:32:33:E9:E9,2020-06-27 05:22:06.070417,67a573ac-b81f-11ea-a477-dca63233e9e8,1,1,1,-43,0.97155
283,DC:A6:32:33:E9:E9,2020-06-27 05:22:07.107468,67a573ac-b81f-11ea-a477-dca63233e9e8,1,1,1,-42,0.97155
284,DC:A6:32:33:E9:E9,2020-06-27 05:22:08.196096,67a573ac-b81f-11ea-a477-dca63233e9e8,1,1,1,-42,0.97155
285,DC:A6:32:33:E9:E9,2020-06-27 05:22:09.254842,67a573ac-b81f-11ea-a477-dca63233e9e8,1,1,1,-42,0.97155
286,DC:A6:32:33:E9:E9,2020-06-27 05:22:10.104838,67a573ac-b81f-11ea-a477-dca63233e9e8,1,1,1,-42,0.97155
287,DC:A6:32:33:E9:E9,2020-06-27 05:22:11.624484,67a573ac-b81f-11ea-a477-dca63233e9e8,1,1,1,-43,0.97155
288,DC:A6:32:33:E9:E9,2020-06-27 05:22:12.299934,67a573ac-b81f-11ea-a477-dca63233e9e8,1,1,1,-45,0.97155
289,DC:A6:32:33:E9:E9,2020-06-27 05:22:13.399865,67a573ac-b81f-11ea-a477-dca63233e9e8,1,1,1,-43,0.97155
290,DC:A6:32:33:E9:E9,2020-06-27 05:22:14.191146,67a573ac-b81f-11ea-a477-dca63233e9e8,1,1,1,-44,0.97155
291,DC:A6:32:33:E9:E9,2020-06-27 05:22:15.108709,67a573ac-b81f-11ea-a477-dca63233e9e8,1,1,1,-45,0.97155
292,DC:A6:32:33:E9:E9,2020-06-27 05:22:17.119481,67a573ac-b81f-11ea-a477-dca63233e9e8,1,1,1,-43,0.97155
293,DC:A6:32:33:E9:E9,2020-06-27 05:22:18.634368,67a573ac-b81f-11ea-a477-dca63233e9e8,1,1,1,-45,0.97155
294,DC:A6:32:33:E9:E9,2020-06-27 05:22:19.377427,67a573ac-b81f-11ea-a477-dca63233e9e8,1,1,1,-45,0.97155
295,DC:A6:32:33:E9:E9,2020-06-27 05:22:20.046209,67a573ac-b81f-11ea-a477-dca63233e9e8,1,1,1,-42,0.97155
296,DC:A6:32:33:E9:E9,2020-06-27 05:22:21.257431,67a573ac-b81f-11ea-a477-dca63233e9e8,1,1,1,-42,0.97155
297,DC:A6:32:33:E9:E9,2020-06-27 05:22:22.076351,67a573ac-b81f-11ea-a477-dca63233e9e8,1,1,1,-42,0.97155
298,DC:A6:32:33:E9:E9,2020-06-27 05:22:23.315091,67a573ac-b81f-11ea-a477-dca63233e9e8,1,1,1,-43,0.97155
299,DC:A6:32:33:E9:E9,2020-06-27 05:22:24.117455,67a573ac-b81f-11ea-a477-dca63233e9e8,1,1,1,-42,0.97155
300,DC:A6:32:33:E9:E9,2020-06-27 05:22:25.627542,67a573ac-b81f-11ea-a477-dca63233e9e8,1,1,1,-45,0.97155
301,DC:A6:32:33:E9:E9,2020-06-27 05:22:26.157440,67a573ac-b81f-11ea-a477-dca63233e9e8,1,1,1,-42,0.97155
302,DC:A6:32:33:E9:E9,2020-06-27 05:22:27.426377,67a573ac-b81f-11ea-a477-dca63233e9e8,1,1,1,-43,0.97155
303,DC:A6:32:33:E9:E9,2020-06-27 05:22:28.312364,67a573ac-b81f-11ea-a477-dca63233e9e8,1,1,1,-48,0.97155
304,DC:A6:32:33:E9:E9,2020-06-27 05:22:29.078288,67a573ac-b81f-11ea-a477-dca63233e9e8,1,1,1,-45,0.97155
305,DC:A6:32:33:E9:E9,2020-06-27 05:22:30.586279,67a573ac-b81f-11ea-a477-dca63233e9e8,1,1,1,-43,0.97155
306,DC:A6:32:33:E9:E9,2020-06-27 05:22:31.468739,67a573ac-b81f-11ea-a477-dca63233e9e8,1,1,1,-43,0.97155
307,DC:A6:32:33:E9:E9,2020-06-27 05:22:32.825168,67a573ac-b81f-11ea-a477-dca63233e9e8,1,1,1,-42,0.97155
308,DC:A6:32:33:E9:E9,2020-06-27 05:22:33.032510,67a573ac-b81f-11ea-a477-dca63233e9e8,1,1,1,-42,0.97155
309,DC:A6:32:33:E9:E9,2020-06-27 05:22:34.600115,67a573ac-b81f-11ea-a477-dca63233e9e8,1,1,1,-43,0.97155
310,DC:A6:32:33:E9:E9,2020-06-27 05:22:35.216315,67a573ac-b81f-11ea-a477-dca63233e9e8,1,1,1,-42,0.97155
311,DC:A6:32:33:E9:E9,2020-06-27 05:22:36.251301,67a573ac-b81f-11ea-a477-dca63233e9e8,1,1,1,-42,0.97155
312,DC:A6:32:33:E9:E9,2020-06-27 05:22:37.828945,67a573ac-b81f-11ea-a477-dca63233e9e8,1,1,1,-42,0.97155
313,DC:A6:32:33:E9:E9,2020-06-27 05:22:38.370058,67a573ac-b81f-11ea-a477-dca63233e9e8,1,1,1,-45,0.97155
314,DC:A6:32:33:E9:E9,2020-06-27 05:22:39.487564,67a573ac-b81f-11ea-a477-dca63233e9e8,1,1,1,-45,0.97155
315,DC:A6:32:33:E9:E9,2020-06-27 05:22:40.576394,67a573ac-b81f-11ea-a477-dca63233e9e8,1,1,1,-43,0.97155
316,DC:A6:32:33:E9:E9,2020-06-27 05:22:41.387569,67a573ac-b81f-11ea-a477-dca63233e9e8,1,1,1,-42,0.97155
317,DC:A6:32:33:E9:E9,2020-06-27 05:22:43.020056,67a573ac-b81f-11ea-a477-dca63233e9e8,1,1,1,-45,0.97155
318,DC:A6:32:33:E9:E9,2020-06-27 05:22:44.776417,67a573ac-b81f-11ea-a477-dca63233e9e8,1,1,1,-44,0.97155
319,DC:A6:32:33:E9:E9,2020-06-27 05:22:45.041345,67a573ac-b81f-11ea-a477-dca63233e9e8,1,1,1,-42,0.97155
320,DC:A6:32:33:E9:E9,2020-06-27 05:22:46.406441,67a573ac-b81f-11ea-a477-dca63233e9e8,1,1,1,-43,0.97155
321,DC:A6:32:33:E9:E9,2020-06-27 05:22:47.686518,67a573ac-b81f-11ea-a477-dca63233e9e8,1,1,1,-42,0.97155
322,DC:A6:32:33:E9:E9,2020-06-27 05:22:48.201966,67a573ac-b81f-11ea-a477-dca63233e9e8,1,1,1,-45,0.97155
323,DC:A6:32:33:E9:E9,2020-06-27 05:22:49.236476,67a573ac-b81f-11ea-a477-dca63233e9e8,1,1,1,-42,0.97155
324,DC:A6:32:33:E9:E9,2020-06-27 05:22:50.326492,67a573ac-b81f-11ea-a477-dca63233e9e8,1,1,1,-43,0.97155
325,DC:A6:32:33:E9:E9,2020-06-27 05:22:51.027655,67a573ac-b81f-11ea-a477-dca63233e9e8,1,1,1,-45,0.97155
326,DC:A6:32:33:E9:E9,2020-06-27 05:22:52.326589,67a573ac-b81f-11ea-a477-dca63233e9e8,1,1,1,-42,0.97155
327,DC:A6:32:33:E9:E9,2020-06-27 05:22:53.040196,67a573ac-b81f-11ea-a477-dca63233e9e8,1,1,1,-45,0.97155
328,DC:A6:32:33:E9:E9,2020-06-27 05:22:54.676462,67a573ac-b81f-11ea-a477-dca63233e9e8,1,1,1,-42,0.97155
329,DC:A6:32:33:E9:E9,2020-06-27 05:22:55.045237,67a573ac-b81f-11ea-a477-dca63233e9e8,1,1,1,-42,0.97155
330,DC:A6:32:33:E9:E9,2020-06-27 05:22:56.315363,67a573ac-b81f-11ea-a477-dca63233e9e8,1,1,1,-42,0.97155
331,DC:A6:32:33:E9:E9,2020-06-27 05:22:57.225390,67a573ac-b81f-11ea-a477-dca63233e9e8,1,1,1,-43,0.97155
332,DC:A6:32:33:E9:E9,2020-06-27 05:22:58.526567,67a573ac-b81f-11ea-a477-dca63233e9e8,1,1,1,-43,0.97155
333,DC:A6:32:33:E9:E9,2020-06-27 05:22:59.026475,67a573ac-b81f-11ea-a477-dca63233e9e8,1,1,1,-44,0.97155
334,DC:A6:32:33:E9:E9,2020-06-27 05:23:00.175862,67a573ac-b81f-11ea-a477-dca63233e9e8,1,1,1,-45,0.97155
335,DC:A6:32:33:E9:E9,2020-06-27 05:23:01.084664,67a573ac-b81f-11ea-a477-dca63233e9e8,1,1,1,-45,0.97155
336,DC:A6:32:33:E9:E9,2020-06-27 05:23:02.020428,67a573ac-b81f-11ea-a477-dca63233e9e8,1,1,1,-42,0.97155
337,DC:A6:32:33:E9:E9,2020-06-27 05:23:03.417783,67a573ac-b81f-11ea-a477-dca63233e9e8,1,1,1,-42,0.97155
338,DC:A6:32:33:E9:E9,2020-06-27 05:23:04.567913,67a573ac-b81f-11ea-a477-dca63233e9e8,1,1,1,-42,0.97155
339,DC:A6:32:33:E9:E9,2020-06-27 05:23:05.007796,67a573ac-b81f-11ea-a477-dca63233e9e8,1,1,1,-42,0.97155
340,DC:A6:32:33:E9:E9,2020-06-27 05:23:06.007784,67a573ac-b81f-11ea-a477-dca63233e9e8,1,1,1,-45,0.97155
341,DC:A6:32:33:E9:E9,2020-06-27 05:23:07.107981,67a573ac-b81f-11ea-a477-dca63233e9e8,1,1,1,-48,0.97155
342,DC:A6:32:33:E9:E9,2020-06-27 05:23:08.107811,67a573ac-b81f-11ea-a477-dca63233e9e8,1,1,1,-42,0.97155
343,DC:A6:32:33:E9:E9,2020-06-27 05:23:09.195314,67a573ac-b81f-11ea-a477-dca63233e9e8,1,1,1,-49,0.97155
344,DC:A6:32:33:E9:E9,2020-06-27 05:23:10.412733,67a573ac-b81f-11ea-a477-dca63233e9e8,1,1,1,-42,0.97155
345,DC:A6:32:33:E9:E9,2020-06-27 05:23:12.140487,67a573ac-b81f-11ea-a477-dca63233e9e8,1,1,1,-42,0.97155
346,DC:A6:32:33:E9:E9,2020-06-27 05:23:14.145390,67a573ac-b81f-11ea-a477-dca63233e9e8,1,1,1,-42,0.97155
347,DC:A6:32:33:E9:E9,2020-06-27 05:23:15.724935,67a573ac-b81f-11ea-a477-dca63233e9e8,1,1,1,-45,0.97155
348,DC:A6:32:33:E9:E9,2020-06-27 05:23:16.592350,67a573ac-b81f-11ea-a477-dca63233e9e8,1,1,1,-45,0.97155
349,DC:A6:32:33:E9:E9,2020-06-27 05:23:17.259311,67a573ac-b81f-11ea-a477-dca63233e9e8,1,1,1,-42,0.97155
350,DC:A6:32:33:E9:E9,2020-06-27 05:23:18.078090,67a573ac-b81f-11ea-a477-dca63233e9e8,1,1,1,-42,0.97155
351,DC:A6:32:33:E9:E9,2020-06-27 05:23:19.020508,67a573ac-b81f-11ea-a477-dca63233e9e8,1,1,1,-42,0.97155
352,DC:A6:32:33:E9:E9,2020-06-27 05:23:20.265561,67a573ac-b81f-11ea-a477-dca63233e9e8,1,1,1,-45,0.97155
353,DC:A6:32:33:E9:E9,2020-06-27 05:23:22.270651,67a573ac-b81f-11ea-a477-dca63233e9e8,1,1,1,-42,0.97155
354,DC:A6:32:33:E9:E9,2020-06-27 05:23:23.519237,67a573ac-b81f-11ea-a477-dca63233e9e8,1,1,1,-42,0.97155
355,DC:A6:32:33:E9:E9,2020-06-27 05:23:24.216686,67a573ac-b81f-11ea-a477-dca63233e9e8,1,1,1,-42,0.97155
356,DC:A6:32:33:E9:E9,2020-06-27 05:23:25.254288,67a573ac-b81f-11ea-a477-dca63233e9e8,1,1,1,-44,0.97155
357,DC:A6:32:33:E9:E9,2020-06-27 05:23:26.316710,67a573ac-b81f-11ea-a477-dca63233e9e8,1,1,1,-42,0.97155
358,DC:A6:32:33:E9:E9,2020-06-27 05:23:27.716000,67a573ac-b81f-11ea-a477-dca63233e9e8,1,1,1,-46,0.97155
359,DC:A6:32:33:E9:E9,2020-06-27 05:23:28.003065,67a573ac-b81f-11ea-a477-dca63233e9e8,1,1,1,-42,0.97155
360,DC:A6:32:33:E9:E9,2020-06-27 05:23:30.008146,67a573ac-b81f-11ea-a477-dca63233e9e8,1,1,1,-44,0.97155
361,DC:A6:32:33:E9:E9,2020-06-27 05:23:32.012322,67a573ac-b81f-11ea-a477-dca63233e9e8,1,1,1,-42,0.97155
362,DC:A6:32:33:E9:E9,2020-06-27 05:23:33.856832,67a573ac-b81f-11ea-a477-dca63233e9e8,1,1,1,-42,0.97155
363,DC:A6:32:33:E9:E9,2020-06-27 05:23:34.121744,67a573ac-b81f-11ea-a477-dca63233e9e8,1,1,1,-42,0.97155
364,DC:A6:32:33:E9:E9,2020-06-27 05:23:35.479344,67a573ac-b81f-11ea-a477-dca63233e9e8,1,1,1,-43,0.97155
365,DC:A6:32:33:E9:E9,2020-06-27 05:23:36.265537,67a573ac-b81f-11ea-a477-dca63233e9e8,1,1,1,-42,0.97155
366,DC:A6:32:33:E9:E9,2020-06-27 05:23:38.270697,67a573ac-b81f-11ea-a477-dca63233e9e8,1,1,1,-42,0.97155
367,DC:A6:32:33:E9:E9,2020-06-27 05:23:40.116877,67a573ac-b81f-11ea-a477-dca63233e9e8,1,1,1,-43,0.97155
368,DC:A6:32:33:E9:E9,2020-06-27 05:23:41.030589,67a573ac-b81f-11ea-a477-dca63233e9e8,1,1,1,-43,0.97155
369,DC:A6:32:33:E9:E9,2020-06-27 05:23:42.159464,67a573ac-b81f-11ea-a477-dca63233e9e8,1,1,1,-47,0.97155
370,DC:A6:32:33:E9:E9,2020-06-27 05:23:44.164384,67a573ac-b81f-11ea-a477-dca63233e9e8,1,1,1,-42,0.97155
371,DC:A6:32:33:E9:E9,2020-06-27 05:23:45.016866,67a573ac-b81f-11ea-a477-dca63233e9e8,1,1,1,-42,0.97155
372,DC:A6:32:33:E9:E9,2020-06-27 05:23:46.705847,67a573ac-b81f-11ea-a477-dca63233e9e8,1,1,1,-46,0.97155
373,DC:A6:32:33:E9:E9,2020-06-27 05:23:47.182512,67a573ac-b81f-11ea-a477-dca63233e9e8,1,1,1,-42,0.97155
374,DC:A6:32:33:E9:E9,2020-06-27 05:23:48.276249,67a573ac-b81f-11ea-a477-dca63233e9e8,1,1,1,-42,0.97155
375,DC:A6:32:33:E9:E9,2020-06-27 05:23:49.170620,67a573ac-b81f-11ea-a477-dca63233e9e8,1,1,1,-43,0.97155
376,DC:A6:32:33:E9:E9,2020-06-27 05:23:50.174372,67a573ac-b81f-11ea-a477-dca63233e9e8,1,1,1,-42,0.97155
377,DC:A6:32:33:E9:E9,2020-06-27 05:23:52.183271,67a573ac-b81f-11ea-a477-dca63233e9e8,1,1,1,-42,0.97155
378,DC:A6:32:33:E9:E9,2020-06-27 05:23:54.041228,67a573ac-b81f-11ea-a477-dca63233e9e8,1,1,1,-42,0.97155
379,DC:A6:32:33:E9:E9,2020-06-27 05:23:56.047078,67a573ac-b81f-11ea-a477-dca63233e9e8,1,1,1,-46,0.97155
380,DC:A6:32:33:E9:E9,2020-06-27 05:23:57.531327,67a573ac-b81f-11ea-a477-dca63233e9e8,1,1,1,-46,0.97155
381,DC:A6:32:33:E9:E9,2020-06-27 05:23:59.017037,67a573ac-b81f-11ea-a477-dca63233e9e8,1,1,1,-44,0.97155
382,DC:A6:32:33:E9:E9,2020-06-27 05:24:01.022171,67a573ac-b81f-11ea-a477-dca63233e9e8,1,1,1,-42,0.97155
383,DC:A6:32:33:E9:E9,2020-06-27 05:24:02.206509,67a573ac-b81f-11ea-a477-dca63233e9e8,1,1,1,-42,0.97155
384,DC:A6:32:33:E9:E9,2020-06-27 05:24:03.296441,67a573ac-b81f-11ea-a477-dca63233e9e8,1,1,1,-43,0.97155
385,DC:A6:32:33:E9:E9,2020-06-27 05:24:05.300897,67a573ac-b81f-11ea-a477-dca63233e9e8,1,1,1,-43,0.97155
386,DC:A6:32:33:E9:E9,2020-06-27 05:24:07.305943,67a573ac-b81f-11ea-a477-dca63233e9e8,1,1,1,-42,0.97155
387,DC:A6:32:33:E9:E9,2020-06-27 05:24:08.155805,67a573ac-b81f-11ea-a477-dca63233e9e8,1,1,1,-42,0.97155
388,DC:A6:32:33:E9:E9,2020-06-27 05:24:09.549613,67a573ac-b81f-11ea-a477-dca63233e9e8,1,1,1,-42,0.97155
389,DC:A6:32:33:E9:E9,2020-06-27 05:24:10.156491,67a573ac-b81f-11ea-a477-dca63233e9e8,1,1,1,-42,0.97155
390,DC:A6:32:33:E9:E9,2020-06-27 05:24:11.188424,67a573ac-b81f-11ea-a477-dca63233e9e8,1,1,1,-42,0.97155
391,DC:A6:32:33:E9:E9,2020-06-27 05:24:12.545960,67a573ac-b81f-11ea-a477-dca63233e9e8,1,1,1,-42,0.97155
392,DC:A6:32:33:E9:E9,2020-06-27 05:24:14.554767,67a573ac-b81f-11ea-a477-dca63233e9e8,1,1,1,-42,0.97155
393,DC:A6:32:33:E9:E9,2020-06-27 05:24:15.377149,67a573ac-b81f-11ea-a477-dca63233e9e8,1,1,1,-42,0.97155
394,DC:A6:32:33:E9:E9,2020-06-27 05:24:16.620878,67a573ac-b81f-11ea-a477-dca63233e9e8,1,1,1,-42,0.97155
395,DC:A6:32:33:E9:E9,2020-06-27 05:24:17.029740,67a573ac-b81f-11ea-a477-dca63233e9e8,1,1,1,-42,0.97155
396,DC:A6:32:33:E9:E9,2020-06-27 05:24:19.034650,67a573ac-b81f-11ea-a477-dca63233e9e8,1,1,1,-46,0.97155
397,DC:A6:32:33:E9:E9,2020-06-27 05:24:20.159118,67a573ac-b81f-11ea-a477-dca63233e9e8,1,1,1,-42,0.97155
398,DC:A6:32:33:E9:E9,2020-06-27 05:24:21.250986,67a573ac-b81f-11ea-a477-dca63233e9e8,1,1,1,-43,0.97155
399,DC:A6:32:33:E9:E9,2020-06-27 05:24:22.061048,67a573ac-b81f-11ea-a477-dca63233e9e8,1,1,1,-42,0.97155
400,DC:A6:32:33:E9:E9,2020-06-27 05:24:24.065932,67a573ac-b81f-11ea-a477-dca63233e9e8,1,1,1,-46,0.97155
401,DC:A6:32:33:E9:E9,2020-06-27 05:24:25.065936,67a573ac-b81f-11ea-a477-dca63233e9e8,1,1,1,-42,0.97155
402,DC:A6:32:33:E9:E9,2020-06-27 05:24:26.010574,67a573ac-b81f-11ea-a477-dca63233e9e8,1,1,1,-42,0.97155
403,DC:A6:32:33:E9:E9,2020-06-27 05:24:27.496699,67a573ac-b81f-11ea-a477-dca63233e9e8,1,1,1,-46,0.97155
404,DC:A6:32:33:E9:E9,2020-06-27 05:24:28.857223,67a573ac-b81f-11ea-a477-dca63233e9e8,1,1,1,-43,0.97155
405,DC:A6:32:33:E9:E9,2020-06-27 05:24:29.016521,67a573ac-b81f-11ea-a477-dca63233e9e8,1,1,1,-45,0.97155
406,DC:A6:32:33:E9:E9,2020-06-27 05:24:31.025337,67a573ac-b81f-11ea-a477-dca63233e9e8,1,1,1,-42,0.97155
407,DC:A6:32:33:E9:E9,2020-06-27 05:24:32.267372,67a573ac-b81f-11ea-a477-dca63233e9e8,1,1,1,-42,0.97155
408,DC:A6:32:33:E9:E9,2020-06-27 05:24:33.572343,67a573ac-b81f-11ea-a477-dca63233e9e8,1,1,1,-42,0.97155
409,DC:A6:32:33:E9:E9,2020-06-27 05:24:34.067327,67a573ac-b81f-11ea-a477-dca63233e9e8,1,1,1,-43,0.97155
410,DC:A6:32:33:E9:E9,2020-06-27 05:24:35.969891,67a573ac-b81f-11ea-a477-dca63233e9e8,1,1,1,-42,0.97155
411,DC:A6:32:33:E9:E9,2020-06-27 05:24:36.026782,67a573ac-b81f-11ea-a477-dca63233e9e8,1,1,1,-43,0.97155
412,DC:A6:32:33:E9:E9,2020-06-27 05:24:37.298724,67a573ac-b81f-11ea-a477-dca63233e9e8,1,1,1,-45,0.97155
413,DC:A6:32:33:E9:E9,2020-06-27 05:24:38.658048,67a573ac-b81f-11ea-a477-dca63233e9e8,1,1,1,-42,0.97155
414,DC:A6:32:33:E9:E9,2020-06-27 05:24:39.478620,67a573ac-b81f-11ea-a477-dca63233e9e8,1,1,1,-42,0.97155
415,DC:A6:32:33:E9:E9,2020-06-27 05:24:40.058550,67a573ac-b81f-11ea-a477-dca63233e9e8,1,1,1,-42,0.97155
416,DC:A6:32:33:E9:E9,2020-06-27 05:24:41.390749,67a573ac-b81f-11ea-a477-dca63233e9e8,1,1,1,-43,0.97155
417,DC:A6:32:33:E9:E9,2020-06-27 05:24:42.359964,67a573ac-b81f-11ea-a477-dca63233e9e8,1,1,1,-42,0.97155
418,DC:A6:32:33:E9:E9,2020-06-27 05:24:43.839873,67a573ac-b81f-11ea-a477-dca63233e9e8,1,1,1,-42,0.97155
419,DC:A6:32:33:E9:E9,2020-06-27 05:24:44.027295,67a573ac-b81f-11ea-a477-dca63233e9e8,1,1,1,-43,0.97155
420,DC:A6:32:33:E9:E9,2020-06-27 05:24:45.076726,67a573ac-b81f-11ea-a477-dca63233e9e8,1,1,1,-42,0.97155
421,DC:A6:32:33:E9:E9,2020-06-27 05:24:47.085972,67a573ac-b81f-11ea-a477-dca63233e9e8,1,1,1,-42,0.97155
422,DC:A6:32:33:E9:E9,2020-06-27 05:24:48.446171,67a573ac-b81f-11ea-a477-dca63233e9e8,1,1,1,-42,0.97155
423,DC:A6:32:33:E9:E9,2020-06-27 05:24:49.238613,67a573ac-b81f-11ea-a477-dca63233e9e8,1,1,1,-42,0.97155
424,DC:A6:32:33:E9:E9,2020-06-27 05:24:50.086099,67a573ac-b81f-11ea-a477-dca63233e9e8,1,1,1,-42,0.97155
425,DC:A6:32:33:E9:E9,2020-06-27 05:24:51.843777,67a573ac-b81f-11ea-a477-dca63233e9e8,1,1,1,-43,0.97155
426,DC:A6:32:33:E9:E9,2020-06-27 05:24:52.118704,67a573ac-b81f-11ea-a477-dca63233e9e8,1,1,1,-42,0.97155
427,DC:A6:32:33:E9:E9,2020-06-27 05:24:53.202617,67a573ac-b81f-11ea-a477-dca63233e9e8,1,1,1,-42,0.97155
428,DC:A6:32:33:E9:E9,2020-06-27 05:24:54.449938,67a573ac-b81f-11ea-a477-dca63233e9e8,1,1,1,-42,0.97155
429,DC:A6:32:33:E9:E9,2020-06-27 05:24:55.028688,67a573ac-b81f-11ea-a477-dca63233e9e8,1,1,1,-46,0.97155
430,DC:A6:32:33:E9:E9,2020-06-27 05:24:57.033869,67a573ac-b81f-11ea-a477-dca63233e9e8,1,1,1,-46,0.97155
431,DC:A6:32:33:E9:E9,2020-06-27 05:24:58.217516,67a573ac-b81f-11ea-a477-dca63233e9e8,1,1,1,-43,0.97155
432,DC:A6:32:33:E9:E9,2020-06-27 05:24:59.431198,67a573ac-b81f-11ea-a477-dca63233e9e8,1,1,1,-42,0.97155
433,DC:A6:32:33:E9:E9,2020-06-27 05:25:00.137434,67a573ac-b81f-11ea-a477-dca63233e9e8,1,1,1,-42,0.97155
434,DC:A6:32:33:E9:E9,2020-06-27 05:25:01.082513,67a573ac-b81f-11ea-a477-dca63233e9e8,1,1,1,-42,0.97155
435,DC:A6:32:33:E9:E9,2020-06-27 05:25:02.296380,67a573ac-b81f-11ea-a477-dca63233e9e8,1,1,1,-42,0.97155
436,DC:A6:32:33:E9:E9,2020-06-27 05:25:03.420821,67a573ac-b81f-11ea-a477-dca63233e9e8,1,1,1,-42,0.97155
437,DC:A6:32:33:E9:E9,2020-06-27 05:25:04.467566,67a573ac-b81f-11ea-a477-dca63233e9e8,1,1,1,-46,0.97155
438,DC:A6:32:33:E9:E9,2020-06-27 05:25:05.032495,67a573ac-b81f-11ea-a477-dca63233e9e8,1,1,1,-46,0.97155
439,DC:A6:32:33:E9:E9,2020-06-27 05:25:06.037548,67a573ac-b81f-11ea-a477-dca63233e9e8,1,1,1,-42,0.97155
440,DC:A6:32:33:E9:E9,2020-06-27 05:25:07.880207,67a573ac-b81f-11ea-a477-dca63233e9e8,1,1,1,-46,0.97155
441,DC:A6:32:33:E9:E9,2020-06-27 05:25:08.006239,67a573ac-b81f-11ea-a477-dca63233e9e8,1,1,1,-43,0.97155
442,DC:A6:32:33:E9:E9,2020-06-27 05:25:09.096347,67a573ac-b81f-11ea-a477-dca63233e9e8,1,1,1,-42,0.97155
443,DC:A6:32:33:E9:E9,2020-06-27 05:25:10.433140,67a573ac-b81f-11ea-a477-dca63233e9e8,1,1,1,-42,0.97155
444,DC:A6:32:33:E9:E9,2020-06-27 05:25:11.257593,67a573ac-b81f-11ea-a477-dca63233e9e8,1,1,1,-42,0.97155
445,DC:A6:32:33:E9:E9,2020-06-27 05:25:13.262720,67a573ac-b81f-11ea-a477-dca63233e9e8,1,1,1,-49,0.97155
446,DC:A6:32:33:E9:E9,2020-06-27 05:25:15.081059,67a573ac-b81f-11ea-a477-dca63233e9e8,1,1,1,-42,0.97155
447,DC:A6:32:33:E9:E9,2020-06-27 05:25:16.717654,67a573ac-b81f-11ea-a477-dca63233e9e8,1,1,1,-43,0.97155
448,DC:A6:32:33:E9:E9,2020-06-27 05:25:17.028933,67a573ac-b81f-11ea-a477-dca63233e9e8,1,1,1,-42,0.97155
449,DC:A6:32:33:E9:E9,2020-06-27 05:25:19.032597,67a573ac-b81f-11ea-a477-dca63233e9e8,1,1,1,-44,0.97155
450,DC:A6:32:33:E9:E9,2020-06-27 05:25:20.218874,67a573ac-b81f-11ea-a477-dca63233e9e8,1,1,1,-42,0.97155
451,DC:A6:32:33:E9:E9,2020-06-27 05:25:21.607657,67a573ac-b81f-11ea-a477-dca63233e9e8,1,1,1,-45,0.97155
452,DC:A6:32:33:E9:E9,2020-06-27 05:25:22.018961,67a573ac-b81f-11ea-a477-dca63233e9e8,1,1,1,-42,0.97155
453,DC:A6:32:33:E9:E9,2020-06-27 05:25:23.108280,67a573ac-b81f-11ea-a477-dca63233e9e8,1,1,1,-45,0.97155
454,DC:A6:32:33:E9:E9,2020-06-27 05:25:24.017598,67a573ac-b81f-11ea-a477-dca63233e9e8,1,1,1,-42,0.97155
455,DC:A6:32:33:E9:E9,2020-06-27 05:25:25.007050,67a573ac-b81f-11ea-a477-dca63233e9e8,1,1,1,-42,0.97155
456,DC:A6:32:33:E9:E9,2020-06-27 05:25:26.098895,67a573ac-b81f-11ea-a477-dca63233e9e8,1,1,1,-42,0.97155
457,DC:A6:32:33:E9:E9,2020-06-27 05:25:27.547797,67a573ac-b81f-11ea-a477-dca63233e9e8,1,1,1,-44,0.97155
458,DC:A6:32:33:E9:E9,2020-06-27 05:25:28.070154,67a573ac-b81f-11ea-a477-dca63233e9e8,1,1,1,-43,0.97155
459,DC:A6:32:33:E9:E9,2020-06-27 05:25:30.075217,67a573ac-b81f-11ea-a477-dca63233e9e8,1,1,1,-42,0.97155
460,DC:A6:32:33:E9:E9,2020-06-27 05:25:31.618984,67a573ac-b81f-11ea-a477-dca63233e9e8,1,1,1,-42,0.97155
461,DC:A6:32:33:E9:E9,2020-06-27 05:25:32.361555,67a573ac-b81f-11ea-a477-dca63233e9e8,1,1,1,-42,0.97155
462,DC:A6:32:33:E9:E9,2020-06-27 05:25:33.174580,67a573ac-b81f-11ea-a477-dca63233e9e8,1,1,1,-43,0.97155
463,DC:A6:32:33:E9:E9,2020-06-27 05:25:34.532772,67a573ac-b81f-11ea-a477-dca63233e9e8,1,1,1,-46,0.97155
464,DC:A6:32:33:E9:E9,2020-06-27 05:25:35.247735,67a573ac-b81f-11ea-a477-dca63233e9e8,1,1,1,-42,0.97155
465,DC:A6:32:33:E9:E9,2020-06-27 05:25:36.058965,67a573ac-b81f-11ea-a477-dca63233e9e8,1,1,1,-42,0.97155
466,DC:A6:32:33:E9:E9,2020-06-27 05:25:37.251647,67a573ac-b81f-11ea-a477-dca63233e9e8,1,1,1,-42,0.97155
467,DC:A6:32:33:E9:E9,2020-06-27 05:25:38.467763,67a573ac-b81f-11ea-a477-dca63233e9e8,1,1,1,-43,0.97155
468,DC:A6:32:33:E9:E9,2020-06-27 05:25:39.557790,67a573ac-b81f-11ea-a477-dca63233e9e8,1,1,1,-44,0.97155
469,DC:A6:32:33:E9:E9,2020-06-27 05:25:40.240322,67a573ac-b81f-11ea-a477-dca63233e9e8,1,1,1,-42,0.97155
470,DC:A6:32:33:E9:E9,2020-06-27 05:25:41.057123,67a573ac-b81f-11ea-a477-dca63233e9e8,1,1,1,-42,0.97155
471,DC:A6:32:33:E9:E9,2020-06-27 05:25:42.024757,67a573ac-b81f-11ea-a477-dca63233e9e8,1,1,1,-44,0.97155
472,DC:A6:32:33:E9:E9,2020-06-27 05:25:43.087809,67a573ac-b81f-11ea-a477-dca63233e9e8,1,1,1,-42,0.97155
473,DC:A6:32:33:E9:E9,2020-06-27 05:25:44.687880,67a573ac-b81f-11ea-a477-dca63233e9e8,1,1,1,-43,0.97155
474,DC:A6:32:33:E9:E9,2020-06-27 05:25:45.947877,67a573ac-b81f-11ea-a477-dca63233e9e8,1,1,1,-42,0.97155
475,DC:A6:32:33:E9:E9,2020-06-27 05:25:46.015331,67a573ac-b81f-11ea-a477-dca63233e9e8,1,1,1,-42,0.97155
476,DC:A6:32:33:E9:E9,2020-06-27 05:25:47.137998,67a573ac-b81f-11ea-a477-dca63233e9e8,1,1,1,-43,0.97155
477,DC:A6:32:33:E9:E9,2020-06-27 05:25:48.770360,67a573ac-b81f-11ea-a477-dca63233e9e8,1,1,1,-44,0.97155
478,DC:A6:32:33:E9:E9,2020-06-27 05:25:49.057794,67a573ac-b81f-11ea-a477-dca63233e9e8,1,1,1,-46,0.97155
479,DC:A6:32:33:E9:E9,2020-06-27 05:25:50.629090,67a573ac-b81f-11ea-a477-dca63233e9e8,1,1,1,-42,0.97155
480,DC:A6:32:33:E9:E9,2020-06-27 05:25:51.181574,67a573ac-b81f-11ea-a477-dca63233e9e8,1,1,1,-42,0.97155
481,DC:A6:32:33:E9:E9,2020-06-27 05:25:52.066745,67a573ac-b81f-11ea-a477-dca63233e9e8,1,1,1,-42,0.97155
482,DC:A6:32:33:E9:E9,2020-06-27 05:25:53.271735,67a573ac-b81f-11ea-a477-dca63233e9e8,1,1,1,-43,0.97155
483,DC:A6:32:33:E9:E9,2020-06-27 05:25:54.641770,67a573ac-b81f-11ea-a477-dca63233e9e8,1,1,1,-42,0.97155
484,DC:A6:32:33:E9:E9,2020-06-27 05:25:55.019733,67a573ac-b81f-11ea-a477-dca63233e9e8,1,1,1,-42,0.97155
485,DC:A6:32:33:E9:E9,2020-06-27 05:25:57.023719,67a573ac-b81f-11ea-a477-dca63233e9e8,1,1,1,-42,0.97155
486,DC:A6:32:33:E9:E9,2020-06-27 05:25:59.028070,67a573ac-b81f-11ea-a477-dca63233e9e8,1,1,1,-46,0.97155
487,DC:A6:32:33:E9:E9,2020-06-27 05:26:00.350535,67a573ac-b81f-11ea-a477-dca63233e9e8,1,1,1,-42,0.97155
488,DC:A6:32:33:E9:E9,2020-06-27 05:26:01.290614,67a573ac-b81f-11ea-a477-dca63233e9e8,1,1,1,-43,0.97155
489,DC:A6:32:33:E9:E9,2020-06-27 05:26:02.107449,67a573ac-b81f-11ea-a477-dca63233e9e8,1,1,1,-43,0.97155
490,DC:A6:32:33:E9:E9,2020-06-27 05:26:03.339832,67a573ac-b81f-11ea-a477-dca63233e9e8,1,1,1,-44,0.97155
491,DC:A6:32:33:E9:E9,2020-06-27 05:26:04.038024,67a573ac-b81f-11ea-a477-dca63233e9e8,1,1,1,-42,0.97155
492,DC:A6:32:33:E9:E9,2020-06-27 05:26:05.101820,67a573ac-b81f-11ea-a477-dca63233e9e8,1,1,1,-34,0.97155
493,DC:A6:32:33:E9:E9,2020-06-27 05:26:07.008182,67a573ac-b81f-11ea-a477-dca63233e9e8,1,1,1,-45,0.97155
494,DC:A6:32:33:E9:E9,2020-06-27 05:26:08.381281,67a573ac-b81f-11ea-a477-dca63233e9e8,1,1,1,-42,0.97155
495,DC:A6:32:33:E9:E9,2020-06-27 05:26:09.334276,67a573ac-b81f-11ea-a477-dca63233e9e8,1,1,1,-42,0.97155
496,DC:A6:32:33:E9:E9,2020-06-27 05:26:10.618070,67a573ac-b81f-11ea-a477-dca63233e9e8,1,1,1,-42,0.97155
497,DC:A6:32:33:E9:E9,2020-06-27 05:26:11.079305,67a573ac-b81f-11ea-a477-dca63233e9e8,1,1,1,-46,0.97155
498,DC:A6:32:33:E9:E9,2020-06-27 05:26:13.084521,67a573ac-b81f-11ea-a477-dca63233e9e8,1,1,1,-48,0.97155
499,DC:A6:32:33:E9:E9,2020-06-27 05:26:14.899371,67a573ac-b81f-11ea-a477-dca63233e9e8,1,1,1,-42,0.97155
500,DC:A6:32:33:E9:E9,2020-06-27 05:26:15.011787,67a573ac-b81f-11ea-a477-dca63233e9e8,1,1,1,-42,0.97155
501,DC:A6:32:33:E9:E9,2020-06-27 05:26:17.016982,67a573ac-b81f-11ea-a477-dca63233e9e8,1,1,1,-42,0.97155
502,DC:A6:32:33:E9:E9,2020-06-27 05:26:18.010650,67a573ac-b81f-11ea-a477-dca63233e9e8,1,1,1,-42,0.97155
503,DC:A6:32:33:E9:E9,2020-06-27 05:26:19.523822,67a573ac-b81f-11ea-a477-dca63233e9e8,1,1,1,-46,0.97155
504,DC:A6:32:33:E9:E9,2020-06-27 05:26:20.351944,67a573ac-b81f-11ea-a477-dca63233e9e8,1,1,1,-46,0.97155
505,DC:A6:32:33:E9:E9,2020-06-27 05:26:21.120599,67a573ac-b81f-11ea-a477-dca63233e9e8,1,1,1,-46,0.97155
506,DC:A6:32:33:E9:E9,2020-06-27 05:26:22.478301,67a573ac-b81f-11ea-a477-dca63233e9e8,1,1,1,-45,0.97155
507,DC:A6:32:33:E9:E9,2020-06-27 05:26:23.056981,67a573ac-b81f-11ea-a477-dca63233e9e8,1,1,1,-42,0.97155
508,DC:A6:32:33:E9:E9,2020-06-27 05:26:24.928319,67a573ac-b81f-11ea-a477-dca63233e9e8,1,1,1,-43,0.97155
509,DC:A6:32:33:E9:E9,2020-06-27 05:26:25.018159,67a573ac-b81f-11ea-a477-dca63233e9e8,1,1,1,-43,0.97155
510,DC:A6:32:33:E9:E9,2020-06-27 05:26:26.858347,67a573ac-b81f-11ea-a477-dca63233e9e8,1,1,1,-43,0.97155
511,DC:A6:32:33:E9:E9,2020-06-27 05:26:27.092492,67a573ac-b81f-11ea-a477-dca63233e9e8,1,1,1,-42,0.97155
512,DC:A6:32:33:E9:E9,2020-06-27 05:26:29.096959,67a573ac-b81f-11ea-a477-dca63233e9e8,1,1,1,-44,0.97155
513,DC:A6:32:33:E9:E9,2020-06-27 05:26:30.280264,67a573ac-b81f-11ea-a477-dca63233e9e8,1,1,1,-44,0.97155
514,DC:A6:32:33:E9:E9,2020-06-27 05:26:31.163230,67a573ac-b81f-11ea-a477-dca63233e9e8,1,1,1,-42,0.97155
515,DC:A6:32:33:E9:E9,2020-06-27 05:26:32.589609,67a573ac-b81f-11ea-a477-dca63233e9e8,1,1,1,-46,0.97155
516,DC:A6:32:33:E9:E9,2020-06-27 05:26:33.887002,67a573ac-b81f-11ea-a477-dca63233e9e8,1,1,1,-42,0.97155
517,DC:A6:32:33:E9:E9,2020-06-27 05:26:34.060669,67a573ac-b81f-11ea-a477-dca63233e9e8,1,1,1,-44,0.97155
518,DC:A6:32:33:E9:E9,2020-06-27 05:26:35.721642,67a573ac-b81f-11ea-a477-dca63233e9e8,1,1,1,-45,0.97155
519,DC:A6:32:33:E9:E9,2020-06-27 05:26:36.113234,67a573ac-b81f-11ea-a477-dca63233e9e8,1,1,1,-43,0.97155
520,DC:A6:32:33:E9:E9,2020-06-27 05:26:37.209006,67a573ac-b81f-11ea-a477-dca63233e9e8,1,1,1,-42,0.97155
521,DC:A6:32:33:E9:E9,2020-06-27 05:26:38.841373,67a573ac-b81f-11ea-a477-dca63233e9e8,1,1,1,-42,0.97155
522,DC:A6:32:33:E9:E9,2020-06-27 05:26:39.056313,67a573ac-b81f-11ea-a477-dca63233e9e8,1,1,1,-42,0.97155
523,DC:A6:32:33:E9:E9,2020-06-27 05:26:40.148296,67a573ac-b81f-11ea-a477-dca63233e9e8,1,1,1,-42,0.97155
524,DC:A6:32:33:E9:E9,2020-06-27 05:26:41.806521,67a573ac-b81f-11ea-a477-dca63233e9e8,1,1,1,-45,0.97155
525,DC:A6:32:33:E9:E9,2020-06-27 05:26:42.032137,67a573ac-b81f-11ea-a477-dca63233e9e8,1,1,1,-42,0.97155
526,DC:A6:32:33:E9:E9,2020-06-27 05:26:43.187049,67a573ac-b81f-11ea-a477-dca63233e9e8,1,1,1,-93,0.97155
527,DC:A6:32:33:E9:E9,2020-06-27 05:26:44.015134,67a573ac-b81f-11ea-a477-dca63233e9e8,1,1,1,-42,0.97155
