SCAN,ADDRESS,TIMESTAMP,UUID,MAJOR,MINOR,TX POWER,RSSI,DISTANCE,TEMPERATURE,HUMIDITY,PRESSURE,PITCH,ROLL,YAW
0,DC:A6:32:33:E9:E9,2020-07-02 07:52:42.739984,f9a060e2-bc1f-11ea-9f4a-dca63233e9e8,1,1,1,-54,0.97155,36.30447769165039,33.90817642211914,1008.352294921875,0.05677033124596424,359.835117926095,155.24686670207487
1,DC:A6:32:33:E9:E9,2020-07-02 07:52:44.210220,f9a060e2-bc1f-11ea-9f4a-dca63233e9e8,1,1,1,-54,0.97155,36.32299041748047,32.73143005371094,1008.3583984375,0.068778123971964,359.83942736191466,155.18181598041966
2,DC:A6:32:33:E9:E9,2020-07-02 07:52:45.025218,f9a060e2-bc1f-11ea-9f4a-dca63233e9e8,1,1,1,-54,0.97155,36.30447769165039,33.36061477661133,1008.360595703125,0.06597289057464573,359.8372974101107,155.13165507115508
3,DC:A6:32:33:E9:E9,2020-07-02 07:52:46.385756,f9a060e2-bc1f-11ea-9f4a-dca63233e9e8,1,1,1,-54,0.97155,36.15637969970703,32.84026336669922,1008.3642578125,0.07314179442848896,359.83077172464766,155.10511295604041
4,DC:A6:32:33:E9:E9,2020-07-02 07:52:48.391386,f9a060e2-bc1f-11ea-9f4a-dca63233e9e8,1,1,1,-53,0.97155,36.28596496582031,33.94218444824219,1008.36767578125,0.07816407121181768,359.8290482491406,155.06305265113147
5,DC:A6:32:33:E9:E9,2020-07-02 07:52:50.395707,f9a060e2-bc1f-11ea-9f4a-dca63233e9e8,1,1,1,-54,0.97155,36.30447769165039,32.53417205810547,1008.374755859375,0.08648226111522134,359.8285843699062,155.03981634757508
6,DC:A6:32:33:E9:E9,2020-07-02 07:52:51.555234,f9a060e2-bc1f-11ea-9f4a-dca63233e9e8,1,1,1,-53,0.97155,36.30447769165039,34.64278793334961,1008.37890625,0.08332122422093431,359.8221430879723,155.00916245858008
7,DC:A6:32:33:E9:E9,2020-07-02 07:52:52.110026,f9a060e2-bc1f-11ea-9f4a-dca63233e9e8,1,1,1,-54,0.97155,36.248939514160156,36.31267547607422,1008.377685546875,0.0849838883660498,359.81665065538425,155.02317800675695
8,DC:A6:32:33:E9:E9,2020-07-02 07:52:53.205083,f9a060e2-bc1f-11ea-9f4a-dca63233e9e8,1,1,1,-53,0.97155,36.34149932861328,35.99638366699219,1008.383544921875,0.08520076688251753,359.8142493769835,155.0500889520868
9,DC:A6:32:33:E9:E9,2020-07-02 07:52:55.210016,f9a060e2-bc1f-11ea-9f4a-dca63233e9e8,1,1,1,-54,0.97155,36.211917877197266,36.90105056762695,1008.373291015625,0.08376174474197369,359.81872269732264,155.06538857582763
10,DC:A6:32:33:E9:E9,2020-07-02 07:52:57.215029,f9a060e2-bc1f-11ea-9f4a-dca63233e9e8,1,1,1,-54,0.97155,36.230430603027344,35.20055389404297,1008.369140625,0.07918633175107173,359.8165371435099,155.0754426142859
11,DC:A6:32:33:E9:E9,2020-07-02 07:52:58.161188,f9a060e2-bc1f-11ea-9f4a-dca63233e9e8,1,1,1,-54,0.97155,36.174896240234375,33.8265495300293,1008.3642578125,0.08130826608691107,359.82129661142267,155.10201205015724
12,DC:A6:32:33:E9:E9,2020-07-02 07:53:00.166164,f9a060e2-bc1f-11ea-9f4a-dca63233e9e8,1,1,1,-53,0.97155,36.230430603027344,34.802635192871094,1008.363037109375,0.08451768126445014,359.82461300177005,155.10246284264247
13,DC:A6:32:33:E9:E9,2020-07-02 07:53:01.323634,f9a060e2-bc1f-11ea-9f4a-dca63233e9e8,1,1,1,-53,0.97155,36.248939514160156,33.9761962890625,1008.364013671875,0.08556574844618348,359.8210924261191,155.07999152027313
14,DC:A6:32:33:E9:E9,2020-07-02 07:53:02.004930,f9a060e2-bc1f-11ea-9f4a-dca63233e9e8,1,1,1,-52,0.97155,36.34149932861328,34.207462310791016,1008.356689453125,0.08470188959873554,359.82264171846214,155.0538455561303
15,DC:A6:32:33:E9:E9,2020-07-02 07:53:03.102341,f9a060e2-bc1f-11ea-9f4a-dca63233e9e8,1,1,1,-54,0.97155,36.28596496582031,32.77564239501953,1008.358642578125,0.09258399460199637,359.82472276504444,155.04612744236817
16,DC:A6:32:33:E9:E9,2020-07-02 07:53:04.129830,f9a060e2-bc1f-11ea-9f4a-dca63233e9e8,1,1,1,-54,0.97155,36.248939514160156,33.13615036010742,1008.360107421875,0.10289634627899252,359.8256473885631,155.03317740370184
17,DC:A6:32:33:E9:E9,2020-07-02 07:53:05.159806,f9a060e2-bc1f-11ea-9f4a-dca63233e9e8,1,1,1,-53,0.97155,36.248939514160156,35.486236572265625,1008.355224609375,0.09864506044876205,359.8270407338136,155.00367098648738
18,DC:A6:32:33:E9:E9,2020-07-02 07:53:07.164851,f9a060e2-bc1f-11ea-9f4a-dca63233e9e8,1,1,1,-52,0.97155,36.248939514160156,34.33329772949219,1008.339599609375,0.09871223509244485,359.8350439546127,154.97013475766263
19,DC:A6:32:33:E9:E9,2020-07-02 07:53:09.169748,f9a060e2-bc1f-11ea-9f4a-dca63233e9e8,1,1,1,-54,0.97155,36.211917877197266,35.38080596923828,1008.33251953125,0.10041989577676044,359.83139509947137,154.9412157367168
20,DC:A6:32:33:E9:E9,2020-07-02 07:53:10.162216,f9a060e2-bc1f-11ea-9f4a-dca63233e9e8,1,1,1,-53,0.97155,36.28596496582031,35.15293884277344,1008.333251953125,0.10739277186740298,359.83358174718154,154.91940011250776
21,DC:A6:32:33:E9:E9,2020-07-02 07:53:12.167222,f9a060e2-bc1f-11ea-9f4a-dca63233e9e8,1,1,1,-54,0.97155,36.34149932861328,34.17005157470703,1008.329833984375,0.10549005058534536,359.83963030657844,154.8750448640377
22,DC:A6:32:33:E9:E9,2020-07-02 07:53:13.102179,f9a060e2-bc1f-11ea-9f4a-dca63233e9e8,1,1,1,-54,0.97155,36.32299041748047,35.06451416015625,1008.32763671875,0.10023650786558824,359.84041141608327,154.84413142785422
23,DC:A6:32:33:E9:E9,2020-07-02 07:53:14.186519,f9a060e2-bc1f-11ea-9f4a-dca63233e9e8,1,1,1,-54,0.97155,36.2674560546875,34.30609130859375,1008.326171875,0.09410417192968039,359.8381342817068,154.81836795430493
24,DC:A6:32:33:E9:E9,2020-07-02 07:53:15.764678,f9a060e2-bc1f-11ea-9f4a-dca63233e9e8,1,1,1,-53,0.97155,36.28596496582031,33.54086685180664,1008.3310546875,0.09404111274177678,359.8353209107794,154.81105965189303
25,DC:A6:32:33:E9:E9,2020-07-02 07:53:16.320677,f9a060e2-bc1f-11ea-9f4a-dca63233e9e8,1,1,1,-54,0.97155,36.397037506103516,34.605377197265625,1008.337646484375,0.09700522140847058,359.83353621703384,154.79959859446575
26,DC:A6:32:33:E9:E9,2020-07-02 07:53:18.325263,f9a060e2-bc1f-11ea-9f4a-dca63233e9e8,1,1,1,-53,0.97155,36.415550231933594,34.1496467590332,1008.33837890625,0.09668002703074127,359.8327459294623,154.75789345939364
27,DC:A6:32:33:E9:E9,2020-07-02 07:53:19.148323,f9a060e2-bc1f-11ea-9f4a-dca63233e9e8,1,1,1,-54,0.97155,36.397037506103516,33.46604537963867,1008.338134765625,0.0885792759327607,359.83095077698954,154.6974326248607
28,DC:A6:32:33:E9:E9,2020-07-02 07:53:20.723282,f9a060e2-bc1f-11ea-9f4a-dca63233e9e8,1,1,1,-53,0.97155,36.32299041748047,33.76533508300781,1008.337890625,0.08450529487647289,359.8289388727324,154.64444401727974
29,DC:A6:32:33:E9:E9,2020-07-02 07:53:21.034355,f9a060e2-bc1f-11ea-9f4a-dca63233e9e8,1,1,1,-53,0.97155,36.30447769165039,33.09873962402344,1008.33984375,0.09134006640972762,359.8268926441066,154.6203334495096
30,DC:A6:32:33:E9:E9,2020-07-02 07:53:22.072018,f9a060e2-bc1f-11ea-9f4a-dca63233e9e8,1,1,1,-54,0.97155,36.34149932861328,32.051231384277344,1008.34521484375,0.09289764302518143,359.82463621374103,154.62710899716626
31,DC:A6:32:33:E9:E9,2020-07-02 07:53:24.077019,f9a060e2-bc1f-11ea-9f4a-dca63233e9e8,1,1,1,-53,0.97155,36.30447769165039,33.241580963134766,1008.355224609375,0.09043265176610764,359.82215315983325,154.62380318560795
32,DC:A6:32:33:E9:E9,2020-07-02 07:53:26.081979,f9a060e2-bc1f-11ea-9f4a-dca63233e9e8,1,1,1,-53,0.97155,36.19340515136719,33.4864501953125,1008.355712890625,0.09282979470073088,359.8216796089443,154.61638560016934
33,DC:A6:32:33:E9:E9,2020-07-02 07:53:28.086950,f9a060e2-bc1f-11ea-9f4a-dca63233e9e8,1,1,1,-53,0.97155,36.30447769165039,32.83346176147461,1008.351318359375,0.09509348881238103,359.82241175986655,154.60230175010076
34,DC:A6:32:33:E9:E9,2020-07-02 07:53:29.540630,f9a060e2-bc1f-11ea-9f4a-dca63233e9e8,1,1,1,-53,0.97155,36.397037506103516,34.520355224609375,1008.357177734375,0.09045062103331858,359.81931472264523,154.6027252218293
35,DC:A6:32:33:E9:E9,2020-07-02 07:53:31.024353,f9a060e2-bc1f-11ea-9f4a-dca63233e9e8,1,1,1,-53,0.97155,36.37852478027344,35.0543098449707,1008.351318359375,0.08845324426833942,359.8241530312181,154.60399563701492
36,DC:A6:32:33:E9:E9,2020-07-02 07:53:33.029361,f9a060e2-bc1f-11ea-9f4a-dca63233e9e8,1,1,1,-53,0.97155,36.34149932861328,34.76182556152344,1008.35107421875,0.08547716943038487,359.8215851335542,154.5716342007274
37,DC:A6:32:33:E9:E9,2020-07-02 07:53:34.866153,f9a060e2-bc1f-11ea-9f4a-dca63233e9e8,1,1,1,-54,0.97155,36.34149932861328,33.40822982788086,1008.346435546875,0.08727002738644711,359.8196289647079,154.5390405380081
38,DC:A6:32:33:E9:E9,2020-07-02 07:53:35.006599,f9a060e2-bc1f-11ea-9f4a-dca63233e9e8,1,1,1,-54,0.97155,36.230430603027344,35.91816329956055,1008.3564453125,0.08863486460125962,359.82364296816553,154.50319570524388
39,DC:A6:32:33:E9:E9,2020-07-02 07:53:36.158007,f9a060e2-bc1f-11ea-9f4a-dca63233e9e8,1,1,1,-54,0.97155,36.34149932861328,35.99638366699219,1008.35205078125,0.09274879292604275,359.82497733633335,154.4375029458067
40,DC:A6:32:33:E9:E9,2020-07-02 07:53:38.004255,f9a060e2-bc1f-11ea-9f4a-dca63233e9e8,1,1,1,-54,0.97155,36.211917877197266,34.408119201660156,1008.351318359375,0.09351312044263628,359.8252258244851,154.3849104891976
41,DC:A6:32:33:E9:E9,2020-07-02 07:53:40.009237,f9a060e2-bc1f-11ea-9f4a-dca63233e9e8,1,1,1,-54,0.97155,36.28596496582031,34.36390686035156,1008.347412109375,0.08434674644232132,359.8305240369088,154.35136059999448
42,DC:A6:32:33:E9:E9,2020-07-02 07:53:42.014191,f9a060e2-bc1f-11ea-9f4a-dca63233e9e8,1,1,1,-54,0.97155,36.34149932861328,33.41503143310547,1008.3466796875,0.09143252075746743,359.8366440998485,154.34782256200444
43,DC:A6:32:33:E9:E9,2020-07-02 07:53:44.020398,f9a060e2-bc1f-11ea-9f4a-dca63233e9e8,1,1,1,-53,0.97155,36.30447769165039,32.45595169067383,1008.346435546875,0.09642881747554496,359.83697157540274,154.3342304855561
44,DC:A6:32:33:E9:E9,2020-07-02 07:53:46.024779,f9a060e2-bc1f-11ea-9f4a-dca63233e9e8,1,1,1,-54,0.97155,36.30447769165039,35.044105529785156,1008.344970703125,0.0984473518186953,359.83682672736757,154.33677131592734
45,DC:A6:32:33:E9:E9,2020-07-02 07:53:47.384098,f9a060e2-bc1f-11ea-9f4a-dca63233e9e8,1,1,1,-54,0.97155,36.30447769165039,33.80614471435547,1008.34326171875,0.09659092107652038,359.84083775595764,154.3212941072681
46,DC:A6:32:33:E9:E9,2020-07-02 07:53:48.372829,f9a060e2-bc1f-11ea-9f4a-dca63233e9e8,1,1,1,-54,0.97155,36.30447769165039,32.59539031982422,1008.33544921875,0.10027502106116212,359.8405830646068,154.29741576592974
47,DC:A6:32:33:E9:E9,2020-07-02 07:53:50.377810,f9a060e2-bc1f-11ea-9f4a-dca63233e9e8,1,1,1,-53,0.97155,36.32299041748047,32.81305694580078,1008.333251953125,0.09199953985039087,359.84550018715936,154.2784278400371
48,DC:A6:32:33:E9:E9,2020-07-02 07:53:52.382795,f9a060e2-bc1f-11ea-9f4a-dca63233e9e8,1,1,1,-53,0.97155,36.2674560546875,33.370819091796875,1008.33984375,0.09165443520442672,359.8438875688242,154.25575161199265
49,DC:A6:32:33:E9:E9,2020-07-02 07:53:54.387735,f9a060e2-bc1f-11ea-9f4a-dca63233e9e8,1,1,1,-52,0.97155,36.30447769165039,36.02699279785156,1008.339111328125,0.08340676166811815,359.8374777964739,154.25194036643578
50,DC:A6:32:33:E9:E9,2020-07-02 07:53:55.288954,f9a060e2-bc1f-11ea-9f4a-dca63233e9e8,1,1,1,-54,0.97155,36.30447769165039,31.81316375732422,1008.347412109375,0.08028824670347842,359.83831468141017,154.2461073848846
51,DC:A6:32:33:E9:E9,2020-07-02 07:53:57.293945,f9a060e2-bc1f-11ea-9f4a-dca63233e9e8,1,1,1,-52,0.97155,36.30447769165039,34.51695251464844,1008.346923828125,0.08483748619603748,359.8327997972433,154.25538278177748
52,DC:A6:32:33:E9:E9,2020-07-02 07:53:58.561410,f9a060e2-bc1f-11ea-9f4a-dca63233e9e8,1,1,1,-53,0.97155,36.28596496582031,32.44574737548828,1008.350830078125,0.086068581103186,359.8279719607378,154.27217138675735
53,DC:A6:32:33:E9:E9,2020-07-02 07:53:59.062626,f9a060e2-bc1f-11ea-9f4a-dca63233e9e8,1,1,1,-53,0.97155,36.230430603027344,34.159847259521484,1008.3447265625,0.0847655624364474,359.8249903964021,154.28462965180347
54,DC:A6:32:33:E9:E9,2020-07-02 07:54:00.915148,f9a060e2-bc1f-11ea-9f4a-dca63233e9e8,1,1,1,-54,0.97155,36.28596496582031,33.96599197387695,1008.34814453125,0.08423871739564405,359.82043675463916,154.3093822573556
55,DC:A6:32:33:E9:E9,2020-07-02 07:54:01.009917,f9a060e2-bc1f-11ea-9f4a-dca63233e9e8,1,1,1,-52,0.97155,36.2674560546875,34.27888488769531,1008.34716796875,0.0765712230726031,359.8273861119339,154.32021493737923
56,DC:A6:32:33:E9:E9,2020-07-02 07:54:03.015138,f9a060e2-bc1f-11ea-9f4a-dca63233e9e8,1,1,1,-54,0.97155,36.248939514160156,32.153263092041016,1008.34912109375,0.08085025654633676,359.830921588603,154.313575993506
57,DC:A6:32:33:E9:E9,2020-07-02 07:54:04.156314,f9a060e2-bc1f-11ea-9f4a-dca63233e9e8,1,1,1,-52,0.97155,36.174896240234375,35.32978820800781,1008.3525390625,0.07644543153201983,359.83060994788195,154.32043350343267
58,DC:A6:32:33:E9:E9,2020-07-02 07:54:06.161288,f9a060e2-bc1f-11ea-9f4a-dca63233e9e8,1,1,1,-54,0.97155,36.32299041748047,32.9490966796875,1008.352294921875,0.0774034122538604,359.8268989140068,154.33913456138018
59,DC:A6:32:33:E9:E9,2020-07-02 07:54:07.140017,f9a060e2-bc1f-11ea-9f4a-dca63233e9e8,1,1,1,-54,0.97155,36.32299041748047,33.09873962402344,1008.363037109375,0.07671674478854272,359.82470759722196,154.34768595822104
60,DC:A6:32:33:E9:E9,2020-07-02 07:54:09.145030,f9a060e2-bc1f-11ea-9f4a-dca63233e9e8,1,1,1,-53,0.97155,36.28596496582031,33.39802551269531,1008.37255859375,0.07754313764715476,359.82807009134626,154.35274029820684
61,DC:A6:32:33:E9:E9,2020-07-02 07:54:11.149957,f9a060e2-bc1f-11ea-9f4a-dca63233e9e8,1,1,1,-52,0.97155,36.32299041748047,35.15293884277344,1008.380126953125,0.07683527925313285,359.8257106611944,154.34727614687083
62,DC:A6:32:33:E9:E9,2020-07-02 07:54:12.481797,f9a060e2-bc1f-11ea-9f4a-dca63233e9e8,1,1,1,-53,0.97155,36.360015869140625,36.207244873046875,1008.38330078125,0.07465804306337889,359.82360868381755,154.34377909001577
63,DC:A6:32:33:E9:E9,2020-07-02 07:54:13.583004,f9a060e2-bc1f-11ea-9f4a-dca63233e9e8,1,1,1,-53,0.97155,36.415550231933594,36.05760192871094,1008.385498046875,0.07145656531270732,359.82530563898075,154.35002188291716
64,DC:A6:32:33:E9:E9,2020-07-02 07:54:14.192381,f9a060e2-bc1f-11ea-9f4a-dca63233e9e8,1,1,1,-54,0.97155,36.30447769165039,32.857269287109375,1008.390625,0.07356884133417342,359.827572247929,154.34824603373298
65,DC:A6:32:33:E9:E9,2020-07-02 07:54:15.161104,f9a060e2-bc1f-11ea-9f4a-dca63233e9e8,1,1,1,-52,0.97155,36.37852478027344,34.00340270996094,1008.387451171875,0.07838830018577111,359.82610718569225,154.34483093914795
66,DC:A6:32:33:E9:E9,2020-07-02 07:54:16.038596,f9a060e2-bc1f-11ea-9f4a-dca63233e9e8,1,1,1,-53,0.97155,36.248939514160156,35.316184997558594,1008.39013671875,0.08306335789933988,359.8220126073467,154.3458691279018
67,DC:A6:32:33:E9:E9,2020-07-02 07:54:17.548624,f9a060e2-bc1f-11ea-9f4a-dca63233e9e8,1,1,1,-54,0.97155,36.397037506103516,31.496870040893555,1008.385498046875,0.07970349179707542,359.8168428344959,154.3885578102144
68,DC:A6:32:33:E9:E9,2020-07-02 07:54:18.086708,f9a060e2-bc1f-11ea-9f4a-dca63233e9e8,1,1,1,-54,0.97155,36.2674560546875,33.15655517578125,1008.390869140625,0.079630080603711,359.8201484326108,154.42942966220772
69,DC:A6:32:33:E9:E9,2020-07-02 07:54:19.178568,f9a060e2-bc1f-11ea-9f4a-dca63233e9e8,1,1,1,-53,0.97155,36.37852478027344,34.081626892089844,1008.39013671875,0.07453392571955507,359.8270185757194,154.45083547506655
70,DC:A6:32:33:E9:E9,2020-07-02 07:54:20.268542,f9a060e2-bc1f-11ea-9f4a-dca63233e9e8,1,1,1,-52,0.97155,36.230430603027344,35.7345085144043,1008.38671875,0.07296791808934452,359.8281886725016,154.47291064646404
71,DC:A6:32:33:E9:E9,2020-07-02 07:54:21.901037,f9a060e2-bc1f-11ea-9f4a-dca63233e9e8,1,1,1,-54,0.97155,36.28596496582031,32.04103088378906,1008.38037109375,0.06539509925954495,359.83527971620094,154.48785510036802
72,DC:A6:32:33:E9:E9,2020-07-02 07:54:22.083939,f9a060e2-bc1f-11ea-9f4a-dca63233e9e8,1,1,1,-54,0.97155,36.34149932861328,34.57476806640625,1008.377197265625,0.06385563198354094,359.8348723861304,154.50161110135645
73,DC:A6:32:33:E9:E9,2020-07-02 07:54:24.089849,f9a060e2-bc1f-11ea-9f4a-dca63233e9e8,1,1,1,-53,0.97155,36.37852478027344,33.59868621826172,1008.37744140625,0.058416646959775324,359.8331305544899,154.5294509524134
74,DC:A6:32:33:E9:E9,2020-07-02 07:54:26.094104,f9a060e2-bc1f-11ea-9f4a-dca63233e9e8,1,1,1,-54,0.97155,36.32299041748047,33.86056137084961,1008.3671875,0.05579549849977013,359.82911984606494,154.5534385767785
75,DC:A6:32:33:E9:E9,2020-07-02 07:54:27.331575,f9a060e2-bc1f-11ea-9f4a-dca63233e9e8,1,1,1,-53,0.97155,36.360015869140625,35.540653228759766,1008.357177734375,0.05613034118671273,359.8296219183298,154.57332808764156
76,DC:A6:32:33:E9:E9,2020-07-02 07:54:28.062211,f9a060e2-bc1f-11ea-9f4a-dca63233e9e8,1,1,1,-54,0.97155,36.34149932861328,31.660118103027344,1008.34912109375,0.05912966801631441,359.8245208609173,154.54763291598397
77,DC:A6:32:33:E9:E9,2020-07-02 07:54:29.028415,f9a060e2-bc1f-11ea-9f4a-dca63233e9e8,1,1,1,-52,0.97155,36.2674560546875,34.469337463378906,1008.341064453125,0.06739350322094226,359.8235033895146,154.52916408446828
78,DC:A6:32:33:E9:E9,2020-07-02 07:54:30.046529,f9a060e2-bc1f-11ea-9f4a-dca63233e9e8,1,1,1,-54,0.97155,36.2674560546875,33.98979949951172,1008.34326171875,0.06772013834169961,359.82517827996514,154.52936899014335
79,DC:A6:32:33:E9:E9,2020-07-02 07:54:31.139650,f9a060e2-bc1f-11ea-9f4a-dca63233e9e8,1,1,1,-53,0.97155,36.28596496582031,33.04092025756836,1008.334716796875,0.06646526450448166,359.8195979353719,154.52833080138953
80,DC:A6:32:33:E9:E9,2020-07-02 07:54:32.292115,f9a060e2-bc1f-11ea-9f4a-dca63233e9e8,1,1,1,-53,0.97155,36.360015869140625,34.537357330322266,1008.33740234375,0.065913059718342,359.82033767687557,154.5371280850405
81,DC:A6:32:33:E9:E9,2020-07-02 07:54:33.722083,f9a060e2-bc1f-11ea-9f4a-dca63233e9e8,1,1,1,-53,0.97155,36.32299041748047,35.479434967041016,1008.3369140625,0.059752175726137606,359.8201797154108,154.55720884120035
82,DC:A6:32:33:E9:E9,2020-07-02 07:54:34.478317,f9a060e2-bc1f-11ea-9f4a-dca63233e9e8,1,1,1,-54,0.97155,36.360015869140625,34.30949401855469,1008.33642578125,0.06160619855982583,359.816266057037,154.57235820077943
83,DC:A6:32:33:E9:E9,2020-07-02 07:54:36.483298,f9a060e2-bc1f-11ea-9f4a-dca63233e9e8,1,1,1,-54,0.97155,36.397037506103516,34.81964111328125,1008.333984375,0.05557832983366479,359.8154974739924,154.59925548573094
84,DC:A6:32:33:E9:E9,2020-07-02 07:54:37.253295,f9a060e2-bc1f-11ea-9f4a-dca63233e9e8,1,1,1,-52,0.97155,36.30447769165039,35.2209587097168,1008.33154296875,0.052638677112861465,359.8243567095936,154.62787397835328
85,DC:A6:32:33:E9:E9,2020-07-02 07:54:38.503270,f9a060e2-bc1f-11ea-9f4a-dca63233e9e8,1,1,1,-53,0.97155,36.397037506103516,34.10883331298828,1008.333740234375,0.05116980624523188,359.8204500014709,154.6755213780033
86,DC:A6:32:33:E9:E9,2020-07-02 07:54:39.225146,f9a060e2-bc1f-11ea-9f4a-dca63233e9e8,1,1,1,-54,0.97155,36.34149932861328,35.90455627441406,1008.34228515625,0.05393235429529089,359.82343748886126,154.6889085487765
87,DC:A6:32:33:E9:E9,2020-07-02 07:54:41.230741,f9a060e2-bc1f-11ea-9f4a-dca63233e9e8,1,1,1,-54,0.97155,36.32299041748047,32.13625717163086,1008.345458984375,0.05572755679382701,359.82251499977673,154.68720100148403
88,DC:A6:32:33:E9:E9,2020-07-02 07:54:42.383843,f9a060e2-bc1f-11ea-9f4a-dca63233e9e8,1,1,1,-53,0.97155,36.248939514160156,34.452335357666016,1008.3486328125,0.04817756306885144,359.82720633922054,154.68287066155023
89,DC:A6:32:33:E9:E9,2020-07-02 07:54:43.107560,f9a060e2-bc1f-11ea-9f4a-dca63233e9e8,1,1,1,-54,0.97155,36.360015869140625,34.48294448852539,1008.344970703125,0.04680479176222474,359.8230887089866,154.71434417324565
90,DC:A6:32:33:E9:E9,2020-07-02 07:54:45.113166,f9a060e2-bc1f-11ea-9f4a-dca63233e9e8,1,1,1,-52,0.97155,36.397037506103516,31.422048568725586,1008.349853515625,0.05507423652651273,359.81786827000593,154.72621504202314
91,DC:A6:32:33:E9:E9,2020-07-02 07:54:46.568135,f9a060e2-bc1f-11ea-9f4a-dca63233e9e8,1,1,1,-53,0.97155,36.360015869140625,34.51695251464844,1008.358642578125,0.05948669214279303,359.81800227244776,154.74092726949533
92,DC:A6:32:33:E9:E9,2020-07-02 07:54:47.109981,f9a060e2-bc1f-11ea-9f4a-dca63233e9e8,1,1,1,-52,0.97155,36.34149932861328,35.907958984375,1008.367431640625,0.05605971142780524,359.8216073983701,154.76263361067765
93,DC:A6:32:33:E9:E9,2020-07-02 07:54:48.023097,f9a060e2-bc1f-11ea-9f4a-dca63233e9e8,1,1,1,-54,0.97155,36.45257568359375,34.69380569458008,1008.365478515625,0.05464957418394181,359.8242314983523,154.7726876491359
94,DC:A6:32:33:E9:E9,2020-07-02 07:54:50.028103,f9a060e2-bc1f-11ea-9f4a-dca63233e9e8,1,1,1,-54,0.97155,36.360015869140625,36.81602478027344,1008.3642578125,0.05418610849615942,359.8269711512614,154.76693662985474
95,DC:A6:32:33:E9:E9,2020-07-02 07:54:52.033079,f9a060e2-bc1f-11ea-9f4a-dca63233e9e8,1,1,1,-53,0.97155,36.34149932861328,35.66648864746094,1008.36474609375,0.05664540681924045,359.82662451916104,154.75068077963013
96,DC:A6:32:33:E9:E9,2020-07-02 07:54:54.038025,f9a060e2-bc1f-11ea-9f4a-dca63233e9e8,1,1,1,-54,0.97155,36.37852478027344,33.36741638183594,1008.3623046875,0.05874749091780443,359.82577314675314,154.74766183601696
97,DC:A6:32:33:E9:E9,2020-07-02 07:54:56.043018,f9a060e2-bc1f-11ea-9f4a-dca63233e9e8,1,1,1,-54,0.97155,36.30447769165039,32.802852630615234,1008.357421875,0.0624680163546507,359.824490125066,154.7330315708148
98,DC:A6:32:33:E9:E9,2020-07-02 07:54:57.769230,f9a060e2-bc1f-11ea-9f4a-dca63233e9e8,1,1,1,-53,0.97155,36.360015869140625,32.58518981933594,1008.364013671875,0.06390217598747487,359.82600752095925,154.73603685404962
99,DC:A6:32:33:E9:E9,2020-07-02 07:54:58.052326,f9a060e2-bc1f-11ea-9f4a-dca63233e9e8,1,1,1,-54,0.97155,36.230430603027344,33.248382568359375,1008.365234375,0.0607707543665422,359.82702123042185,154.72916568374458
100,DC:A6:32:33:E9:E9,2020-07-02 07:54:59.142938,f9a060e2-bc1f-11ea-9f4a-dca63233e9e8,1,1,1,-53,0.97155,36.34149932861328,32.745033264160156,1008.370361328125,0.06553606529266903,359.8309355824867,154.73311353308483
101,DC:A6:32:33:E9:E9,2020-07-02 07:55:00.161696,f9a060e2-bc1f-11ea-9f4a-dca63233e9e8,1,1,1,-53,0.97155,36.2674560546875,32.43894577026367,1008.374755859375,0.06717006798967558,359.83344096791143,154.7467875718032
102,DC:A6:32:33:E9:E9,2020-07-02 07:55:02.166695,f9a060e2-bc1f-11ea-9f4a-dca63233e9e8,1,1,1,-54,0.97155,36.32299041748047,32.51036834716797,1008.36767578125,0.06873951739489756,359.84067058974574,154.7687671205523
103,DC:A6:32:33:E9:E9,2020-07-02 07:55:04.171632,f9a060e2-bc1f-11ea-9f4a-dca63233e9e8,1,1,1,-53,0.97155,36.360015869140625,33.510257720947266,1008.366943359375,0.07001493516047844,359.8420194587253,154.76720983742155
104,DC:A6:32:33:E9:E9,2020-07-02 07:55:06.176607,f9a060e2-bc1f-11ea-9f4a-dca63233e9e8,1,1,1,-54,0.97155,36.32299041748047,35.09172058105469,1008.367919921875,0.06921043359176482,359.84247502700686,154.7485634209874
105,DC:A6:32:33:E9:E9,2020-07-02 07:55:07.234767,f9a060e2-bc1f-11ea-9f4a-dca63233e9e8,1,1,1,-54,0.97155,36.30447769165039,33.625892639160156,1008.36328125,0.07066577081308,359.8377662652446,154.72711662699356
106,DC:A6:32:33:E9:E9,2020-07-02 07:55:08.059074,f9a060e2-bc1f-11ea-9f4a-dca63233e9e8,1,1,1,-52,0.97155,36.30447769165039,34.06121826171875,1008.356201171875,0.07072325379185654,359.83777141456693,154.72288190970818
107,DC:A6:32:33:E9:E9,2020-07-02 07:55:09.413398,f9a060e2-bc1f-11ea-9f4a-dca63233e9e8,1,1,1,-53,0.97155,36.2674560546875,37.407798767089844,1008.350830078125,0.06489399416015477,359.8310599132739,154.70806039920924
108,DC:A6:32:33:E9:E9,2020-07-02 07:55:10.811533,f9a060e2-bc1f-11ea-9f4a-dca63233e9e8,1,1,1,-54,0.97155,36.248939514160156,33.93198013305664,1008.343994140625,0.06215698928336389,359.83249205186445,154.68509730321966
109,DC:A6:32:33:E9:E9,2020-07-02 07:55:11.044012,f9a060e2-bc1f-11ea-9f4a-dca63233e9e8,1,1,1,-52,0.97155,36.28596496582031,36.08821105957031,1008.34765625,0.05740936747997034,359.83091042284457,154.669524471912
110,DC:A6:32:33:E9:E9,2020-07-02 07:55:13.049019,f9a060e2-bc1f-11ea-9f4a-dca63233e9e8,1,1,1,-54,0.97155,36.32299041748047,32.38113021850586,1008.341064453125,0.05719411646951577,359.8296583371119,154.69500107751617
111,DC:A6:32:33:E9:E9,2020-07-02 07:55:14.107742,f9a060e2-bc1f-11ea-9f4a-dca63233e9e8,1,1,1,-54,0.97155,36.397037506103516,35.3433952331543,1008.343017578125,0.05996780026256241,359.8284606260884,154.7101914182303
112,DC:A6:32:33:E9:E9,2020-07-02 07:55:16.112705,f9a060e2-bc1f-11ea-9f4a-dca63233e9e8,1,1,1,-54,0.97155,36.32299041748047,33.449039459228516,1008.350341796875,0.057182423772626084,359.8287143969645,154.70106628549914
113,DC:A6:32:33:E9:E9,2020-07-02 07:55:18.117694,f9a060e2-bc1f-11ea-9f4a-dca63233e9e8,1,1,1,-54,0.97155,36.32299041748047,34.04761505126953,1008.353271484375,0.05531264948217518,359.8306269966744,154.67083586823267
114,DC:A6:32:33:E9:E9,2020-07-02 07:55:19.600155,f9a060e2-bc1f-11ea-9f4a-dca63233e9e8,1,1,1,-54,0.97155,36.37852478027344,34.36050796508789,1008.348388671875,0.0568608245823603,359.82837254066044,154.62963616715916
115,DC:A6:32:33:E9:E9,2020-07-02 07:55:20.076269,f9a060e2-bc1f-11ea-9f4a-dca63233e9e8,1,1,1,-54,0.97155,36.30447769165039,31.748544692993164,1008.34033203125,0.05150202424522292,359.8308273933575,154.60991058083616
116,DC:A6:32:33:E9:E9,2020-07-02 07:55:22.081391,f9a060e2-bc1f-11ea-9f4a-dca63233e9e8,1,1,1,-53,0.97155,36.34149932861328,33.62248992919922,1008.332763671875,0.05450218150309771,359.83503372266915,154.57854635216745
117,DC:A6:32:33:E9:E9,2020-07-02 07:55:24.086357,f9a060e2-bc1f-11ea-9f4a-dca63233e9e8,1,1,1,-54,0.97155,36.211917877197266,32.112449645996094,1008.335205078125,0.04760789260854998,359.8321468071463,154.54908091608803
118,DC:A6:32:33:E9:E9,2020-07-02 07:55:25.657575,f9a060e2-bc1f-11ea-9f4a-dca63233e9e8,1,1,1,-52,0.97155,36.37852478027344,33.98979949951172,1008.334228515625,0.053485890709260804,359.82873225951,154.52574898988325
119,DC:A6:32:33:E9:E9,2020-07-02 07:55:26.012431,f9a060e2-bc1f-11ea-9f4a-dca63233e9e8,1,1,1,-53,0.97155,36.360015869140625,34.721012115478516,1008.339111328125,0.060315412868612424,359.8323263130554,154.50165208249146
120,DC:A6:32:33:E9:E9,2020-07-02 07:55:28.017562,f9a060e2-bc1f-11ea-9f4a-dca63233e9e8,1,1,1,-54,0.97155,36.28596496582031,31.166975021362305,1008.340087890625,0.05128054669024666,359.82805390966763,154.47176317468347
121,DC:A6:32:33:E9:E9,2020-07-02 07:55:30.022573,f9a060e2-bc1f-11ea-9f4a-dca63233e9e8,1,1,1,-53,0.97155,36.397037506103516,35.91476058959961,1008.345947265625,0.05178718797812426,359.819626843614,154.44041260639312
122,DC:A6:32:33:E9:E9,2020-07-02 07:55:32.027508,f9a060e2-bc1f-11ea-9f4a-dca63233e9e8,1,1,1,-54,0.97155,36.37852478027344,35.20395278930664,1008.338134765625,0.05289040693637346,359.8237294260874,154.41257275533616
123,DC:A6:32:33:E9:E9,2020-07-02 07:55:34.033722,f9a060e2-bc1f-11ea-9f4a-dca63233e9e8,1,1,1,-54,0.97155,36.248939514160156,33.25858688354492,1008.33935546875,0.048793060496626114,359.81774784790116,154.38460996087412
124,DC:A6:32:33:E9:E9,2020-07-02 07:55:35.041187,f9a060e2-bc1f-11ea-9f4a-dca63233e9e8,1,1,1,-54,0.97155,36.397037506103516,34.207462310791016,1008.34326171875,0.04488681594634698,359.82373358823395,154.33918920289352
125,DC:A6:32:33:E9:E9,2020-07-02 07:55:36.143035,f9a060e2-bc1f-11ea-9f4a-dca63233e9e8,1,1,1,-52,0.97155,36.360015869140625,35.46923065185547,1008.34423828125,0.04982342521541295,359.82339781506715,154.30990135173252
126,DC:A6:32:33:E9:E9,2020-07-02 07:55:37.208664,f9a060e2-bc1f-11ea-9f4a-dca63233e9e8,1,1,1,-54,0.97155,36.37852478027344,37.343177795410156,1008.354736328125,0.051223380541534164,359.81885780700213,154.2798621797628
127,DC:A6:32:33:E9:E9,2020-07-02 07:55:39.137386,f9a060e2-bc1f-11ea-9f4a-dca63233e9e8,1,1,1,-54,0.97155,36.30447769165039,34.18025588989258,1008.34130859375,0.0494010340441432,359.81949593610165,154.28778519920002
128,DC:A6:32:33:E9:E9,2020-07-02 07:55:40.557371,f9a060e2-bc1f-11ea-9f4a-dca63233e9e8,1,1,1,-53,0.97155,36.30447769165039,35.78212356567383,1008.330078125,0.05450245831252209,359.8153500913167,154.30796157800822
129,DC:A6:32:33:E9:E9,2020-07-02 07:55:41.652338,f9a060e2-bc1f-11ea-9f4a-dca63233e9e8,1,1,1,-53,0.97155,36.30447769165039,33.78573989868164,1008.3349609375,0.054578724311516155,359.81896215415,154.3174008994412
130,DC:A6:32:33:E9:E9,2020-07-02 07:55:42.379821,f9a060e2-bc1f-11ea-9f4a-dca63233e9e8,1,1,1,-54,0.97155,36.32299041748047,33.61228942871094,1008.345458984375,0.05658242767261617,359.81932878322993,154.3173052767928
131,DC:A6:32:33:E9:E9,2020-07-02 07:55:44.277298,f9a060e2-bc1f-11ea-9f4a-dca63233e9e8,1,1,1,-52,0.97155,36.30447769165039,34.93527603149414,1008.34814453125,0.06128306524503944,359.81674199582415,154.32373931499097
132,DC:A6:32:33:E9:E9,2020-07-02 07:55:45.089779,f9a060e2-bc1f-11ea-9f4a-dca63233e9e8,1,1,1,-54,0.97155,36.30447769165039,34.612178802490234,1008.342041015625,0.05389876697344948,359.8164813680784,154.31264708777886
133,DC:A6:32:33:E9:E9,2020-07-02 07:55:46.661040,f9a060e2-bc1f-11ea-9f4a-dca63233e9e8,1,1,1,-54,0.97155,36.30447769165039,33.193965911865234,1008.344482421875,0.04639527056166157,359.81856868456094,154.30492897401675
134,DC:A6:32:33:E9:E9,2020-07-02 07:55:48.667300,f9a060e2-bc1f-11ea-9f4a-dca63233e9e8,1,1,1,-53,0.97155,36.37852478027344,34.10883331298828,1008.347900390625,0.048281870196039585,359.8231955640945,154.30690972887604
135,DC:A6:32:33:E9:E9,2020-07-02 07:55:49.235983,f9a060e2-bc1f-11ea-9f4a-dca63233e9e8,1,1,1,-53,0.97155,36.37852478027344,34.83324432373047,1008.351318359375,0.046750607151167516,359.8191380315211,154.32069305062114
136,DC:A6:32:33:E9:E9,2020-07-02 07:55:51.240974,f9a060e2-bc1f-11ea-9f4a-dca63233e9e8,1,1,1,-53,0.97155,36.2674560546875,32.61579895019531,1008.346435546875,0.04129177522517986,359.8144725587507,154.33181259858992
137,DC:A6:32:33:E9:E9,2020-07-02 07:55:53.208443,f9a060e2-bc1f-11ea-9f4a-dca63233e9e8,1,1,1,-54,0.97155,36.37852478027344,34.38091278076172,1008.3544921875,0.04437635268738108,359.81596111310296,154.33948973121701
138,DC:A6:32:33:E9:E9,2020-07-02 07:55:55.213435,f9a060e2-bc1f-11ea-9f4a-dca63233e9e8,1,1,1,-53,0.97155,36.32299041748047,33.88776779174805,1008.35107421875,0.04363256242904389,359.815426437357,154.33462663652796
139,DC:A6:32:33:E9:E9,2020-07-02 07:55:57.218404,f9a060e2-bc1f-11ea-9f4a-dca63233e9e8,1,1,1,-53,0.97155,36.397037506103516,35.08151626586914,1008.34814453125,0.036033643472074134,359.8171229522932,154.34631992038703
140,DC:A6:32:33:E9:E9,2020-07-02 07:55:58.732108,f9a060e2-bc1f-11ea-9f4a-dca63233e9e8,1,1,1,-54,0.97155,36.360015869140625,33.67350769042969,1008.34912109375,0.031516340449970176,359.8159046706608,154.35768535516593
141,DC:A6:32:33:E9:E9,2020-07-02 07:55:59.182084,f9a060e2-bc1f-11ea-9f4a-dca63233e9e8,1,1,1,-53,0.97155,36.32299041748047,34.775428771972656,1008.347412109375,0.028812032435788084,359.8181781631591,154.3725888279349
142,DC:A6:32:33:E9:E9,2020-07-02 07:56:01.187093,f9a060e2-bc1f-11ea-9f4a-dca63233e9e8,1,1,1,-53,0.97155,36.37852478027344,34.0,1008.356201171875,0.029470341942847648,359.82137375787573,154.36670120487034
143,DC:A6:32:33:E9:E9,2020-07-02 07:56:03.192092,f9a060e2-bc1f-11ea-9f4a-dca63233e9e8,1,1,1,-54,0.97155,36.32299041748047,35.33319091796875,1008.360595703125,0.02893621981573133,359.8195589952895,154.37088128064238
144,DC:A6:32:33:E9:E9,2020-07-02 07:56:04.102041,f9a060e2-bc1f-11ea-9f4a-dca63233e9e8,1,1,1,-52,0.97155,36.37852478027344,38.21383285522461,1008.362548828125,0.032398872260876566,359.82098352995854,154.35335501523213
145,DC:A6:32:33:E9:E9,2020-07-02 07:56:05.429529,f9a060e2-bc1f-11ea-9f4a-dca63233e9e8,1,1,1,-53,0.97155,36.37852478027344,33.1463508605957,1008.359375,0.02669152050018362,359.81861129320197,154.31781071079138
146,DC:A6:32:33:E9:E9,2020-07-02 07:56:06.136996,f9a060e2-bc1f-11ea-9f4a-dca63233e9e8,1,1,1,-54,0.97155,36.34149932861328,34.64619064331055,1008.350830078125,0.02333600497495639,359.816807616333,154.2721440660007
147,DC:A6:32:33:E9:E9,2020-07-02 07:56:08.142017,f9a060e2-bc1f-11ea-9f4a-dca63233e9e8,1,1,1,-54,0.97155,36.360015869140625,34.721012115478516,1008.357177734375,0.02507758315139064,359.8116183000698,154.248334026554
148,DC:A6:32:33:E9:E9,2020-07-02 07:56:10.146963,f9a060e2-bc1f-11ea-9f4a-dca63233e9e8,1,1,1,-53,0.97155,36.32299041748047,35.36720275878906,1008.3486328125,0.026400313650692408,359.80969722932446,154.24905802660604
149,DC:A6:32:33:E9:E9,2020-07-02 07:56:11.438183,f9a060e2-bc1f-11ea-9f4a-dca63233e9e8,1,1,1,-54,0.97155,36.2674560546875,33.07493209838867,1008.346435546875,0.031671417093630534,359.8028529528893,154.26652965050295
150,DC:A6:32:33:E9:E9,2020-07-02 07:56:12.226931,f9a060e2-bc1f-11ea-9f4a-dca63233e9e8,1,1,1,-52,0.97155,36.34149932861328,36.23445510864258,1008.3408203125,0.030765696657089822,359.8029861549183,154.32016029586586
151,DC:A6:32:33:E9:E9,2020-07-02 07:56:13.039413,f9a060e2-bc1f-11ea-9f4a-dca63233e9e8,1,1,1,-53,0.97155,36.28596496582031,36.047401428222656,1008.340576171875,0.034625403873541634,359.8020900794559,154.35418829831087
152,DC:A6:32:33:E9:E9,2020-07-02 07:56:14.123154,f9a060e2-bc1f-11ea-9f4a-dca63233e9e8,1,1,1,-52,0.97155,36.32299041748047,33.81294631958008,1008.337158203125,0.032719604337282875,359.8066563944214,154.36829946913613
153,DC:A6:32:33:E9:E9,2020-07-02 07:56:16.128130,f9a060e2-bc1f-11ea-9f4a-dca63233e9e8,1,1,1,-54,0.97155,36.47108459472656,33.86056137084961,1008.338623046875,0.027918900157949622,359.80725014063154,154.3331376552889
154,DC:A6:32:33:E9:E9,2020-07-02 07:56:18.029360,f9a060e2-bc1f-11ea-9f4a-dca63233e9e8,1,1,1,-53,0.97155,36.34149932861328,35.84334182739258,1008.3408203125,0.029223804797332584,359.8029308864149,154.32356173007253
155,DC:A6:32:33:E9:E9,2020-07-02 07:56:20.034361,f9a060e2-bc1f-11ea-9f4a-dca63233e9e8,1,1,1,-54,0.97155,36.248939514160156,33.6803092956543,1008.340087890625,0.02944452863026176,359.80511063723486,154.3485602224348
156,DC:A6:32:33:E9:E9,2020-07-02 07:56:22.039341,f9a060e2-bc1f-11ea-9f4a-dca63233e9e8,1,1,1,-54,0.97155,36.37852478027344,33.17695999145508,1008.338134765625,0.03512443456977569,359.8106123012505,154.38012935677858
157,DC:A6:32:33:E9:E9,2020-07-02 07:56:24.044283,f9a060e2-bc1f-11ea-9f4a-dca63233e9e8,1,1,1,-54,0.97155,36.37852478027344,34.656394958496094,1008.335693359375,0.031996424708374716,359.8100561210808,154.41530483100416
158,DC:A6:32:33:E9:E9,2020-07-02 07:56:26.049250,f9a060e2-bc1f-11ea-9f4a-dca63233e9e8,1,1,1,-53,0.97155,36.34149932861328,34.10883331298828,1008.3359375,0.03525125664183042,359.8099189436682,154.44523471994714
159,DC:A6:32:33:E9:E9,2020-07-02 07:56:28.014204,f9a060e2-bc1f-11ea-9f4a-dca63233e9e8,1,1,1,-52,0.97155,36.32299041748047,36.74120330810547,1008.334228515625,0.04629624615890961,359.81153330957136,154.46353962692277
160,DC:A6:32:33:E9:E9,2020-07-02 07:56:30.019196,f9a060e2-bc1f-11ea-9f4a-dca63233e9e8,1,1,1,-53,0.97155,36.32299041748047,31.483266830444336,1008.331298828125,0.04632062539857406,359.80992649422893,154.47523291078184
161,DC:A6:32:33:E9:E9,2020-07-02 07:56:31.226664,f9a060e2-bc1f-11ea-9f4a-dca63233e9e8,1,1,1,-52,0.97155,36.360015869140625,35.22435760498047,1008.333251953125,0.04778121532884567,359.8159203720918,154.44110928568847
162,DC:A6:32:33:E9:E9,2020-07-02 07:56:33.232951,f9a060e2-bc1f-11ea-9f4a-dca63233e9e8,1,1,1,-53,0.97155,36.415550231933594,34.581573486328125,1008.3349609375,0.04628282923946089,359.818722283776,154.42634241670288
163,DC:A6:32:33:E9:E9,2020-07-02 07:56:35.044139,f9a060e2-bc1f-11ea-9f4a-dca63233e9e8,1,1,1,-52,0.97155,36.34149932861328,33.67690658569336,1008.3359375,0.050277049160890305,359.8154983277661,154.40548301897766
164,DC:A6:32:33:E9:E9,2020-07-02 07:56:37.049147,f9a060e2-bc1f-11ea-9f4a-dca63233e9e8,1,1,1,-54,0.97155,36.360015869140625,33.42183303833008,1008.33544921875,0.05271590694226087,359.81749602469614,154.39150845193583
165,DC:A6:32:33:E9:E9,2020-07-02 07:56:39.054088,f9a060e2-bc1f-11ea-9f4a-dca63233e9e8,1,1,1,-54,0.97155,36.37852478027344,32.59199142456055,1008.32666015625,0.05254863067360837,359.81794509629384,154.38991018767004
166,DC:A6:32:33:E9:E9,2020-07-02 07:56:41.059068,f9a060e2-bc1f-11ea-9f4a-dca63233e9e8,1,1,1,-54,0.97155,36.34149932861328,33.9047737121582,1008.33203125,0.05655718798919886,359.81531440624633,154.38638581005833
167,DC:A6:32:33:E9:E9,2020-07-02 07:56:42.180324,f9a060e2-bc1f-11ea-9f4a-dca63233e9e8,1,1,1,-54,0.97155,36.32299041748047,34.717613220214844,1008.331787109375,0.057731153433221244,359.81511190180964,154.37857207364783
168,DC:A6:32:33:E9:E9,2020-07-02 07:56:44.185414,f9a060e2-bc1f-11ea-9f4a-dca63233e9e8,1,1,1,-54,0.97155,36.360015869140625,32.82325744628906,1008.336669921875,0.05649260134688124,359.81162985269447,154.39940415061636
169,DC:A6:32:33:E9:E9,2020-07-02 07:56:46.090280,f9a060e2-bc1f-11ea-9f4a-dca63233e9e8,1,1,1,-54,0.97155,36.2674560546875,38.26144790649414,1008.334228515625,0.053634283906096605,359.8131947797674,154.45192830533375
170,DC:A6:32:33:E9:E9,2020-07-02 07:56:47.191514,f9a060e2-bc1f-11ea-9f4a-dca63233e9e8,1,1,1,-53,0.97155,36.32299041748047,35.59506607055664,1008.332275390625,0.0643577309288162,359.81409328314857,154.49531366694168
171,DC:A6:32:33:E9:E9,2020-07-02 07:56:49.196481,f9a060e2-bc1f-11ea-9f4a-dca63233e9e8,1,1,1,-54,0.97155,36.397037506103516,35.75151443481445,1008.331298828125,0.05647238425374227,359.8120923712271,154.53777012282248
172,DC:A6:32:33:E9:E9,2020-07-02 07:56:50.245230,f9a060e2-bc1f-11ea-9f4a-dca63233e9e8,1,1,1,-54,0.97155,36.32299041748047,35.1495361328125,1008.33251953125,0.055746656644108585,359.81523571232856,154.54417684026396
173,DC:A6:32:33:E9:E9,2020-07-02 07:56:51.058923,f9a060e2-bc1f-11ea-9f4a-dca63233e9e8,1,1,1,-54,0.97155,36.34149932861328,32.986507415771484,1008.327392578125,0.06238597404333121,359.81328310531916,154.56462642663897
174,DC:A6:32:33:E9:E9,2020-07-02 07:56:53.063947,f9a060e2-bc1f-11ea-9f4a-dca63233e9e8,1,1,1,-53,0.97155,36.415550231933594,33.52046203613281,1008.333984375,0.06282524058432766,359.81579542765473,154.59090899456518
175,DC:A6:32:33:E9:E9,2020-07-02 07:56:54.186375,f9a060e2-bc1f-11ea-9f4a-dca63233e9e8,1,1,1,-52,0.97155,36.397037506103516,33.22797775268555,1008.32958984375,0.06372151614990672,359.82074168523303,154.58373729593666
176,DC:A6:32:33:E9:E9,2020-07-02 07:56:56.191371,f9a060e2-bc1f-11ea-9f4a-dca63233e9e8,1,1,1,-54,0.97155,36.34149932861328,34.05101776123047,1008.333740234375,0.057780272098307155,359.8271994690107,154.5850077111223
177,DC:A6:32:33:E9:E9,2020-07-02 07:56:57.108860,f9a060e2-bc1f-11ea-9f4a-dca63233e9e8,1,1,1,-53,0.97155,36.397037506103516,33.53066635131836,1008.330322265625,0.05390193860914318,359.8222823197777,154.58834084343727
178,DC:A6:32:33:E9:E9,2020-07-02 07:56:59.113861,f9a060e2-bc1f-11ea-9f4a-dca63233e9e8,1,1,1,-53,0.97155,36.360015869140625,33.36061477661133,1008.334228515625,0.05298537257925242,359.82156768455536,154.59314929661295
179,DC:A6:32:33:E9:E9,2020-07-02 07:57:00.107572,f9a060e2-bc1f-11ea-9f4a-dca63233e9e8,1,1,1,-54,0.97155,36.45257568359375,33.84355545043945,1008.343994140625,0.04919734899855269,359.82033207398604,154.56961246473307
180,DC:A6:32:33:E9:E9,2020-07-02 07:57:02.112558,f9a060e2-bc1f-11ea-9f4a-dca63233e9e8,1,1,1,-54,0.97155,36.30447769165039,33.969390869140625,1008.3603515625,0.04765926910472383,359.8239650542736,154.55629359585154
181,DC:A6:32:33:E9:E9,2020-07-02 07:57:03.150017,f9a060e2-bc1f-11ea-9f4a-dca63233e9e8,1,1,1,-53,0.97155,36.32299041748047,35.044105529785156,1008.36767578125,0.049895949284598055,359.8253358945843,154.55819238844083
182,DC:A6:32:33:E9:E9,2020-07-02 07:57:05.155057,f9a060e2-bc1f-11ea-9f4a-dca63233e9e8,1,1,1,-54,0.97155,36.397037506103516,33.67010498046875,1008.380126953125,0.055886528779748396,359.82609895478066,154.52032581968226
183,DC:A6:32:33:E9:E9,2020-07-02 07:57:07.159985,f9a060e2-bc1f-11ea-9f4a-dca63233e9e8,1,1,1,-53,0.97155,36.360015869140625,34.95227813720703,1008.385009765625,0.05536835487753979,359.8277224587299,154.50472566761795
184,DC:A6:32:33:E9:E9,2020-07-02 07:57:09.086581,f9a060e2-bc1f-11ea-9f4a-dca63233e9e8,1,1,1,-53,0.97155,36.360015869140625,35.94877243041992,1008.37646484375,0.05929262539093607,359.82100974347753,154.4956278556435
185,DC:A6:32:33:E9:E9,2020-07-02 07:57:11.091185,f9a060e2-bc1f-11ea-9f4a-dca63233e9e8,1,1,1,-54,0.97155,36.32299041748047,33.625892639160156,1008.378173828125,0.055872841720981926,359.8172242845528,154.48627049648059
186,DC:A6:32:33:E9:E9,2020-07-02 07:57:13.061167,f9a060e2-bc1f-11ea-9f4a-dca63233e9e8,1,1,1,-54,0.97155,36.28596496582031,35.033905029296875,1008.377197265625,0.06288629874024787,359.8200083070111,154.48560113794193
187,DC:A6:32:33:E9:E9,2020-07-02 07:57:14.155489,f9a060e2-bc1f-11ea-9f4a-dca63233e9e8,1,1,1,-54,0.97155,36.28596496582031,31.755346298217773,1008.366455078125,0.06430204887882474,359.823255595054,154.48162596784496
188,DC:A6:32:33:E9:E9,2020-07-02 07:57:15.906114,f9a060e2-bc1f-11ea-9f4a-dca63233e9e8,1,1,1,-54,0.97155,36.32299041748047,36.911251068115234,1008.35400390625,0.06994493239159243,359.82449883622525,154.49213079878845
189,DC:A6:32:33:E9:E9,2020-07-02 07:57:16.129862,f9a060e2-bc1f-11ea-9f4a-dca63233e9e8,1,1,1,-54,0.97155,36.397037506103516,34.581573486328125,1008.3564453125,0.07283991874347291,359.83045951029743,154.48543721340184
190,DC:A6:32:33:E9:E9,2020-07-02 07:57:17.471116,f9a060e2-bc1f-11ea-9f4a-dca63233e9e8,1,1,1,-53,0.97155,36.415550231933594,34.19045639038086,1008.357177734375,0.07898808284236947,359.8369728694034,154.4478848333451
191,DC:A6:32:33:E9:E9,2020-07-02 07:57:18.294896,f9a060e2-bc1f-11ea-9f4a-dca63233e9e8,1,1,1,-53,0.97155,36.37852478027344,34.166648864746094,1008.3486328125,0.07717620841235831,359.8367800633017,154.41952588791122
192,DC:A6:32:33:E9:E9,2020-07-02 07:57:20.129838,f9a060e2-bc1f-11ea-9f4a-dca63233e9e8,1,1,1,-52,0.97155,36.360015869140625,31.887985229492188,1008.35107421875,0.07518841659057965,359.8354778717282,154.4244709448703
193,DC:A6:32:33:E9:E9,2020-07-02 07:57:21.321069,f9a060e2-bc1f-11ea-9f4a-dca63233e9e8,1,1,1,-54,0.97155,36.360015869140625,33.98979949951172,1008.349609375,0.06605185129671078,359.8351446332019,154.42673856767476
194,DC:A6:32:33:E9:E9,2020-07-02 07:57:22.379182,f9a060e2-bc1f-11ea-9f4a-dca63233e9e8,1,1,1,-52,0.97155,36.2674560546875,33.11574172973633,1008.343994140625,0.06297515123041754,359.83016793325703,154.42714837902494
195,DC:A6:32:33:E9:E9,2020-07-02 07:57:23.388535,f9a060e2-bc1f-11ea-9f4a-dca63233e9e8,1,1,1,-53,0.97155,36.37852478027344,34.23126983642578,1008.330322265625,0.0678999910963678,359.8307582110117,154.42108317104197
196,DC:A6:32:33:E9:E9,2020-07-02 07:57:24.084213,f9a060e2-bc1f-11ea-9f4a-dca63233e9e8,1,1,1,-53,0.97155,36.34149932861328,35.58486557006836,1008.32421875,0.06449157995818598,359.8303472390629,154.39421320684716
197,DC:A6:32:33:E9:E9,2020-07-02 07:57:25.287336,f9a060e2-bc1f-11ea-9f4a-dca63233e9e8,1,1,1,-53,0.97155,36.360015869140625,33.432037353515625,1008.325927734375,0.06581371515047268,359.82880677794105,154.32684022087415
198,DC:A6:32:33:E9:E9,2020-07-02 07:57:26.838527,f9a060e2-bc1f-11ea-9f4a-dca63233e9e8,1,1,1,-54,0.97155,36.2674560546875,35.3229866027832,1008.311279296875,0.058541664767991684,359.8336771563865,154.2823483686207
199,DC:A6:32:33:E9:E9,2020-07-02 07:57:27.005875,f9a060e2-bc1f-11ea-9f4a-dca63233e9e8,1,1,1,-54,0.97155,36.28596496582031,34.472740173339844,1008.316162109375,0.0597983462041013,359.83512746434747,154.27247191508084
200,DC:A6:32:33:E9:E9,2020-07-02 07:57:28.491024,f9a060e2-bc1f-11ea-9f4a-dca63233e9e8,1,1,1,-54,0.97155,36.32299041748047,34.146244049072266,1008.318115234375,0.06496797231258115,359.84308366089493,154.2835504819146
201,DC:A6:32:33:E9:E9,2020-07-02 07:57:29.021610,f9a060e2-bc1f-11ea-9f4a-dca63233e9e8,1,1,1,-52,0.97155,36.30447769165039,31.612504959106445,1008.314453125,0.06105824263159759,359.8420554506206,154.30906806865377
202,DC:A6:32:33:E9:E9,2020-07-02 07:57:31.001976,f9a060e2-bc1f-11ea-9f4a-dca63233e9e8,1,1,1,-54,0.97155,36.34149932861328,35.55085372924805,1008.3173828125,0.05982888195216802,359.8446621282843,154.3390116179751
203,DC:A6:32:33:E9:E9,2020-07-02 07:57:32.339705,f9a060e2-bc1f-11ea-9f4a-dca63233e9e8,1,1,1,-53,0.97155,36.34149932861328,33.962589263916016,1008.324462890625,0.06156759198275939,359.8420604665408,154.33636150457716
204,DC:A6:32:33:E9:E9,2020-07-02 07:57:33.437192,f9a060e2-bc1f-11ea-9f4a-dca63233e9e8,1,1,1,-52,0.97155,36.397037506103516,33.19736862182617,1008.32275390625,0.04891536690650496,359.98856910812987,154.321089201593
205,DC:A6:32:33:E9:E9,2020-07-02 07:57:34.456550,f9a060e2-bc1f-11ea-9f4a-dca63233e9e8,1,1,1,-53,0.97155,36.397037506103516,36.0031852722168,1008.32080078125,0.05202152549864718,359.9776334066421,154.30226520024044
206,DC:A6:32:33:E9:E9,2020-07-02 07:57:35.097187,f9a060e2-bc1f-11ea-9f4a-dca63233e9e8,1,1,1,-54,0.97155,36.34149932861328,34.227867126464844,1008.32470703125,0.05252642588869921,359.96802899173287,154.26262278229768
207,DC:A6:32:33:E9:E9,2020-07-02 07:57:37.102161,f9a060e2-bc1f-11ea-9f4a-dca63233e9e8,1,1,1,-54,0.97155,36.37852478027344,34.411521911621094,1008.328857421875,0.048049380295048,359.9606226420888,154.24765100763702
208,DC:A6:32:33:E9:E9,2020-07-02 07:57:38.188378,f9a060e2-bc1f-11ea-9f4a-dca63233e9e8,1,1,1,-52,0.97155,36.248939514160156,34.020408630371094,1008.330322265625,0.050581045939808764,359.9576275240965,154.2423917619761
209,DC:A6:32:33:E9:E9,2020-07-02 07:57:40.193405,f9a060e2-bc1f-11ea-9f4a-dca63233e9e8,1,1,1,-53,0.97155,36.2674560546875,35.676692962646484,1008.32373046875,0.04783659388898632,359.9510293445798,154.23832096923078
210,DC:A6:32:33:E9:E9,2020-07-02 07:57:41.710843,f9a060e2-bc1f-11ea-9f4a-dca63233e9e8,1,1,1,-54,0.97155,36.34149932861328,32.25869369506836,1008.329345703125,0.046748912944088235,359.9412496742869,154.2340999123237
211,DC:A6:32:33:E9:E9,2020-07-02 07:57:42.503334,f9a060e2-bc1f-11ea-9f4a-dca63233e9e8,1,1,1,-53,0.97155,36.415550231933594,34.63258743286133,1008.32177734375,0.043286844133271496,359.93257227246204,154.25084753616858
212,DC:A6:32:33:E9:E9,2020-07-02 07:57:43.049565,f9a060e2-bc1f-11ea-9f4a-dca63233e9e8,1,1,1,-54,0.97155,36.34149932861328,33.22457504272461,1008.3173828125,0.04398227945372978,359.92318598504676,154.2737150095098
213,DC:A6:32:33:E9:E9,2020-07-02 07:57:44.388329,f9a060e2-bc1f-11ea-9f4a-dca63233e9e8,1,1,1,-53,0.97155,36.230430603027344,34.81964111328125,1008.315185546875,0.04627151006854145,359.91741941774706,154.30697803076774
214,DC:A6:32:33:E9:E9,2020-07-02 07:57:45.205906,f9a060e2-bc1f-11ea-9f4a-dca63233e9e8,1,1,1,-54,0.97155,36.34149932861328,34.979488372802734,1008.318115234375,0.05216104078358329,359.9077386451249,154.3529998453953
215,DC:A6:32:33:E9:E9,2020-07-02 07:57:47.210819,f9a060e2-bc1f-11ea-9f4a-dca63233e9e8,1,1,1,-53,0.97155,36.34149932861328,36.09841537475586,1008.31298828125,0.051010534104512985,359.90139140502407,154.39232807463623
216,DC:A6:32:33:E9:E9,2020-07-02 07:57:49.058014,f9a060e2-bc1f-11ea-9f4a-dca63233e9e8,1,1,1,-53,0.97155,36.34149932861328,35.3944091796875,1008.31689453125,0.0500829557286069,359.90204885075235,154.39010143296682
217,DC:A6:32:33:E9:E9,2020-07-02 07:57:50.295764,f9a060e2-bc1f-11ea-9f4a-dca63233e9e8,1,1,1,-54,0.97155,36.248939514160156,36.24125671386719,1008.33251953125,0.0529349532433773,359.8965812843217,154.4024230942295
218,DC:A6:32:33:E9:E9,2020-07-02 07:57:52.170728,f9a060e2-bc1f-11ea-9f4a-dca63233e9e8,1,1,1,-53,0.97155,36.34149932861328,35.27877426147461,1008.3369140625,0.049063810129140344,359.89524693616426,154.42516762416565
219,DC:A6:32:33:E9:E9,2020-07-02 07:57:54.175743,f9a060e2-bc1f-11ea-9f4a-dca63233e9e8,1,1,1,-54,0.97155,36.397037506103516,36.10521697998047,1008.336669921875,0.0470572653026239,359.8866050259767,154.44803509750685
220,DC:A6:32:33:E9:E9,2020-07-02 07:57:55.961948,f9a060e2-bc1f-11ea-9f4a-dca63233e9e8,1,1,1,-53,0.97155,36.397037506103516,35.12232971191406,1008.331787109375,0.046099788173832486,359.8834289613322,154.45875849450377
221,DC:A6:32:33:E9:E9,2020-07-02 07:57:56.054195,f9a060e2-bc1f-11ea-9f4a-dca63233e9e8,1,1,1,-54,0.97155,36.30447769165039,32.76203918457031,1008.332763671875,0.04552017925468013,359.8796691156169,154.46625804221244
222,DC:A6:32:33:E9:E9,2020-07-02 07:57:57.660662,f9a060e2-bc1f-11ea-9f4a-dca63233e9e8,1,1,1,-54,0.97155,36.37852478027344,33.99319839477539,1008.333984375,0.04654070223116193,359.87257429663714,154.47482309943163
223,DC:A6:32:33:E9:E9,2020-07-02 07:57:58.458155,f9a060e2-bc1f-11ea-9f4a-dca63233e9e8,1,1,1,-54,0.97155,36.32299041748047,34.43192672729492,1008.33203125,0.049078274255327035,359.8727153960724,154.47215932565533
224,DC:A6:32:33:E9:E9,2020-07-02 07:58:00.463131,f9a060e2-bc1f-11ea-9f4a-dca63233e9e8,1,1,1,-52,0.97155,36.37852478027344,32.97630310058594,1008.337890625,0.04528200975790899,359.87522404984935,154.46517887232358
225,DC:A6:32:33:E9:E9,2020-07-02 07:58:02.468094,f9a060e2-bc1f-11ea-9f4a-dca63233e9e8,1,1,1,-54,0.97155,36.32299041748047,35.59166717529297,1008.340087890625,0.04789494731667563,359.87544338963517,154.42897886972253
226,DC:A6:32:33:E9:E9,2020-07-02 07:58:03.165564,f9a060e2-bc1f-11ea-9f4a-dca63233e9e8,1,1,1,-54,0.97155,36.32299041748047,32.31650924682617,1008.350341796875,0.0485526665193001,359.8721014661197,154.3849104891976
227,DC:A6:32:33:E9:E9,2020-07-02 07:58:04.380546,f9a060e2-bc1f-11ea-9f4a-dca63233e9e8,1,1,1,-53,0.97155,36.28596496582031,33.884368896484375,1008.35546875,0.05195063227052855,359.8652492522576,154.336716674414
228,DC:A6:32:33:E9:E9,2020-07-02 07:58:05.080531,f9a060e2-bc1f-11ea-9f4a-dca63233e9e8,1,1,1,-54,0.97155,36.34149932861328,33.234779357910156,1008.36767578125,0.053826359631130076,359.86621294926084,154.30189637002525
229,DC:A6:32:33:E9:E9,2020-07-02 07:58:06.481657,f9a060e2-bc1f-11ea-9f4a-dca63233e9e8,1,1,1,-53,0.97155,36.30447769165039,31.098955154418945,1008.365234375,0.05573335311647226,359.8593360026435,154.275531839829
230,DC:A6:32:33:E9:E9,2020-07-02 07:58:07.163056,f9a060e2-bc1f-11ea-9f4a-dca63233e9e8,1,1,1,-53,0.97155,36.28596496582031,34.289085388183594,1008.367919921875,0.05880845569223208,359.84982867280354,154.23523372372594
231,DC:A6:32:33:E9:E9,2020-07-02 07:58:08.679263,f9a060e2-bc1f-11ea-9f4a-dca63233e9e8,1,1,1,-53,0.97155,36.37852478027344,34.29248809814453,1008.363037109375,0.056109984021334915,359.8467863171162,154.2036782497605
232,DC:A6:32:33:E9:E9,2020-07-02 07:58:10.684271,f9a060e2-bc1f-11ea-9f4a-dca63233e9e8,1,1,1,-54,0.97155,36.434059143066406,33.700714111328125,1008.3564453125,0.059711981663697664,359.8391293815719,154.19188934325302
233,DC:A6:32:33:E9:E9,2020-07-02 07:58:11.404250,f9a060e2-bc1f-11ea-9f4a-dca63233e9e8,1,1,1,-53,0.97155,36.32299041748047,33.93538284301758,1008.357421875,0.05189187196633594,359.8380288673419,154.20279032516837
234,DC:A6:32:33:E9:E9,2020-07-02 07:58:13.067997,f9a060e2-bc1f-11ea-9f4a-dca63233e9e8,1,1,1,-54,0.97155,36.30447769165039,33.003509521484375,1008.356201171875,0.05241139656513334,359.83967342214754,154.20582292915986
235,DC:A6:32:33:E9:E9,2020-07-02 07:58:15.072973,f9a060e2-bc1f-11ea-9f4a-dca63233e9e8,1,1,1,-54,0.97155,36.30447769165039,33.70411682128906,1008.363525390625,0.0473225888034098,359.83534973898014,154.1851547767314
236,DC:A6:32:33:E9:E9,2020-07-02 07:58:17.077966,f9a060e2-bc1f-11ea-9f4a-dca63233e9e8,1,1,1,-52,0.97155,36.37852478027344,33.75852966308594,1008.3720703125,0.046305214117248555,359.838333877977,154.17179492671485
237,DC:A6:32:33:E9:E9,2020-07-02 07:58:18.125479,f9a060e2-bc1f-11ea-9f4a-dca63233e9e8,1,1,1,-54,0.97155,36.30447769165039,35.669891357421875,1008.375,0.04931379571977347,359.83787508136385,154.18122058776947
238,DC:A6:32:33:E9:E9,2020-07-02 07:58:19.130443,f9a060e2-bc1f-11ea-9f4a-dca63233e9e8,1,1,1,-54,0.97155,36.360015869140625,36.42831039428711,1008.380615234375,0.05623086636345224,359.83469717577,154.19332368297873
239,DC:A6:32:33:E9:E9,2020-07-02 07:58:20.037910,f9a060e2-bc1f-11ea-9f4a-dca63233e9e8,1,1,1,-53,0.97155,36.34149932861328,35.55085372924805,1008.387939453125,0.05795681648009612,359.8312990232557,154.19761304177752
240,DC:A6:32:33:E9:E9,2020-07-02 07:58:22.042782,f9a060e2-bc1f-11ea-9f4a-dca63233e9e8,1,1,1,-53,0.97155,36.32299041748047,34.51015090942383,1008.388671875,0.05826989127411261,359.8291958719401,154.1939247396257
241,DC:A6:32:33:E9:E9,2020-07-02 07:58:24.047268,f9a060e2-bc1f-11ea-9f4a-dca63233e9e8,1,1,1,-53,0.97155,36.47108459472656,35.07471466064453,1008.377197265625,0.060532084611775214,359.8282270923157,154.20145160809105
242,DC:A6:32:33:E9:E9,2020-07-02 07:58:25.322880,f9a060e2-bc1f-11ea-9f4a-dca63233e9e8,1,1,1,-54,0.97155,36.37852478027344,36.132423400878906,1008.389404296875,0.06516113860004558,359.82216023014627,154.20787198591086
243,DC:A6:32:33:E9:E9,2020-07-02 07:58:26.079113,f9a060e2-bc1f-11ea-9f4a-dca63233e9e8,1,1,1,-54,0.97155,36.34149932861328,34.89106369018555,1008.388916015625,0.06540891972044365,359.82229704737307,154.20901945769143
244,DC:A6:32:33:E9:E9,2020-07-02 07:58:28.084110,f9a060e2-bc1f-11ea-9f4a-dca63233e9e8,1,1,1,-54,0.97155,36.34149932861328,35.431819915771484,1008.392333984375,0.05497581576840909,359.82408083398417,154.18855621093806
245,DC:A6:32:33:E9:E9,2020-07-02 07:58:29.526570,f9a060e2-bc1f-11ea-9f4a-dca63233e9e8,1,1,1,-52,0.97155,36.360015869140625,33.884368896484375,1008.398681640625,0.05577900332612028,359.8244588556062,154.14584020786882
246,DC:A6:32:33:E9:E9,2020-07-02 07:58:30.280921,f9a060e2-bc1f-11ea-9f4a-dca63233e9e8,1,1,1,-53,0.97155,36.360015869140625,35.632476806640625,1008.40380859375,0.05395296158966663,359.8141963229555,154.1186697153505
247,DC:A6:32:33:E9:E9,2020-07-02 07:58:31.260302,f9a060e2-bc1f-11ea-9f4a-dca63233e9e8,1,1,1,-53,0.97155,36.28596496582031,36.75480651855469,1008.414306640625,0.05853652211579434,359.81507370877915,154.1211285834517
248,DC:A6:32:33:E9:E9,2020-07-02 07:58:32.360292,f9a060e2-bc1f-11ea-9f4a-dca63233e9e8,1,1,1,-54,0.97155,36.397037506103516,36.41130447387695,1008.415771484375,0.05722298469092965,359.812543457197,154.14209726420364
249,DC:A6:32:33:E9:E9,2020-07-02 07:58:33.145313,f9a060e2-bc1f-11ea-9f4a-dca63233e9e8,1,1,1,-53,0.97155,36.32299041748047,32.77564239501953,1008.41796875,0.06442637299595352,359.8075974530828,154.16817492645475
250,DC:A6:32:33:E9:E9,2020-07-02 07:58:34.563381,f9a060e2-bc1f-11ea-9f4a-dca63233e9e8,1,1,1,-54,0.97155,36.32299041748047,33.27219009399414,1008.420166015625,0.05726835475609999,359.81296612851276,154.20259907987162
251,DC:A6:32:33:E9:E9,2020-07-02 07:58:35.046509,f9a060e2-bc1f-11ea-9f4a-dca63233e9e8,1,1,1,-53,0.97155,36.397037506103516,35.15633773803711,1008.41650390625,0.05613445664249193,359.8131558130046,154.2204805151187
252,DC:A6:32:33:E9:E9,2020-07-02 07:58:36.005299,f9a060e2-bc1f-11ea-9f4a-dca63233e9e8,1,1,1,-53,0.97155,36.37852478027344,31.17717742919922,1008.4091796875,0.060047541387100986,359.8187030872092,154.23807508242066
253,DC:A6:32:33:E9:E9,2020-07-02 07:58:38.010269,f9a060e2-bc1f-11ea-9f4a-dca63233e9e8,1,1,1,-53,0.97155,36.434059143066406,33.625892639160156,1008.404296875,0.057158638172450045,359.8132184319654,154.24715923401678
254,DC:A6:32:33:E9:E9,2020-07-02 07:58:40.015268,f9a060e2-bc1f-11ea-9f4a-dca63233e9e8,1,1,1,-52,0.97155,36.34149932861328,33.34360885620117,1008.396240234375,0.0555629252224459,359.8196025510857,154.23538398788767
255,DC:A6:32:33:E9:E9,2020-07-02 07:58:42.020207,f9a060e2-bc1f-11ea-9f4a-dca63233e9e8,1,1,1,-53,0.97155,36.397037506103516,34.03401184082031,1008.398193359375,0.0541871523678441,359.8173951860244,154.2230076851116
256,DC:A6:32:33:E9:E9,2020-07-02 07:58:43.391455,f9a060e2-bc1f-11ea-9f4a-dca63233e9e8,1,1,1,-54,0.97155,36.397037506103516,37.33637619018555,1008.403564453125,0.05463640405843772,359.81816138117085,154.23491953502412
257,DC:A6:32:33:E9:E9,2020-07-02 07:58:44.487039,f9a060e2-bc1f-11ea-9f4a-dca63233e9e8,1,1,1,-56,0.97155,36.37852478027344,35.77191925048828,1008.392333984375,0.05947425906406949,359.8166049251333,154.2381570446907
258,DC:A6:32:33:E9:E9,2020-07-02 07:58:45.040793,f9a060e2-bc1f-11ea-9f4a-dca63233e9e8,1,1,1,-53,0.97155,36.30447769165039,36.061004638671875,1008.389892578125,0.06326858923057024,359.8177903765009,154.26269108418938
259,DC:A6:32:33:E9:E9,2020-07-02 07:58:46.138899,f9a060e2-bc1f-11ea-9f4a-dca63233e9e8,1,1,1,-54,0.97155,36.397037506103516,34.12923812866211,1008.390869140625,0.06885137508276974,359.8173720807751,154.28808572752348
260,DC:A6:32:33:E9:E9,2020-07-02 07:58:48.106395,f9a060e2-bc1f-11ea-9f4a-dca63233e9e8,1,1,1,-54,0.97155,36.34149932861328,34.020408630371094,1008.391357421875,0.07347524639820309,359.8221793866924,154.30028444538112
261,DC:A6:32:33:E9:E9,2020-07-02 07:58:49.059473,f9a060e2-bc1f-11ea-9f4a-dca63233e9e8,1,1,1,-75,0.97155,36.397037506103516,35.53725051879883,1008.390625,0.07254375933982277,359.82327919389115,154.31831614478997
262,DC:A6:32:33:E9:E9,2020-07-02 07:58:50.486431,f9a060e2-bc1f-11ea-9f4a-dca63233e9e8,1,1,1,-54,0.97155,36.360015869140625,37.51322937011719,1008.387451171875,0.07332953124917174,359.81971566275365,154.32929908897535
263,DC:A6:32:33:E9:E9,2020-07-02 07:58:51.013830,f9a060e2-bc1f-11ea-9f4a-dca63233e9e8,1,1,1,-53,0.97155,36.37852478027344,35.057708740234375,1008.3759765625,0.07212181506569598,359.81660729969127,154.33015969281078
264,DC:A6:32:33:E9:E9,2020-07-02 07:58:52.075137,f9a060e2-bc1f-11ea-9f4a-dca63233e9e8,1,1,1,-52,0.97155,36.37852478027344,35.03050231933594,1008.371826171875,0.07533158375888546,359.81932698230116,154.33765924051946
265,DC:A6:32:33:E9:E9,2020-07-02 07:58:53.165132,f9a060e2-bc1f-11ea-9f4a-dca63233e9e8,1,1,1,-53,0.97155,36.360015869140625,33.9489860534668,1008.36962890625,0.07204897750150013,359.81352817837626,154.3535052793939
266,DC:A6:32:33:E9:E9,2020-07-02 07:58:55.170060,f9a060e2-bc1f-11ea-9f4a-dca63233e9e8,1,1,1,-54,0.97155,36.37852478027344,36.319480895996094,1008.373046875,0.06822028961584437,359.81089089826344,154.3909210556672
267,DC:A6:32:33:E9:E9,2020-07-02 07:58:56.195097,f9a060e2-bc1f-11ea-9f4a-dca63233e9e8,1,1,1,-54,0.97155,36.415550231933594,32.71102523803711,1008.376220703125,0.0707858727527238,359.8100366577097,154.399991546885
268,DC:A6:32:33:E9:E9,2020-07-02 07:58:57.168785,f9a060e2-bc1f-11ea-9f4a-dca63233e9e8,1,1,1,-53,0.97155,36.34149932861328,34.166648864746094,1008.380126953125,0.07281518598815806,359.8097422125235,154.41460815170882
269,DC:A6:32:33:E9:E9,2020-07-02 07:58:59.173783,f9a060e2-bc1f-11ea-9f4a-dca63233e9e8,1,1,1,-53,0.97155,36.34149932861328,34.159847259521484,1008.376220703125,0.06528393526276036,359.8036527787133,154.40689003794668
270,DC:A6:32:33:E9:E9,2020-07-02 07:59:00.226252,f9a060e2-bc1f-11ea-9f4a-dca63233e9e8,1,1,1,-53,0.97155,36.230430603027344,33.78573989868164,1008.372314453125,0.058173334810806845,359.8042734721541,154.41154822696063
271,DC:A6:32:33:E9:E9,2020-07-02 07:59:01.952507,f9a060e2-bc1f-11ea-9f4a-dca63233e9e8,1,1,1,-52,0.97155,36.397037506103516,34.227867126464844,1008.371826171875,0.06062829422953719,359.80016756796755,154.40947184945296
272,DC:A6:32:33:E9:E9,2020-07-02 07:59:02.037334,f9a060e2-bc1f-11ea-9f4a-dca63233e9e8,1,1,1,-54,0.97155,36.37852478027344,34.221065521240234,1008.37158203125,0.06751147072647043,359.803576059147,154.40197230174428
273,DC:A6:32:33:E9:E9,2020-07-02 07:59:03.810577,f9a060e2-bc1f-11ea-9f4a-dca63233e9e8,1,1,1,-53,0.97155,36.434059143066406,33.33000564575195,1008.361572265625,0.0666303229626859,359.8079072528545,154.40855660410418
274,DC:A6:32:33:E9:E9,2020-07-02 07:59:04.056064,f9a060e2-bc1f-11ea-9f4a-dca63233e9e8,1,1,1,-54,0.97155,36.34149932861328,33.87416458129883,1008.3544921875,0.07099974305110981,359.8063120434975,154.41154822696063
275,DC:A6:32:33:E9:E9,2020-07-02 07:59:05.678631,f9a060e2-bc1f-11ea-9f4a-dca63233e9e8,1,1,1,-53,0.97155,36.34149932861328,35.52024459838867,1008.35107421875,0.0699860335885315,359.8118035956315,154.36678316714037
276,DC:A6:32:33:E9:E9,2020-07-02 07:59:07.678699,f9a060e2-bc1f-11ea-9f4a-dca63233e9e8,1,1,1,-53,0.97155,36.34149932861328,35.496437072753906,1008.353759765625,0.07138413462501476,359.81268919902647,154.3186713146268
277,DC:A6:32:33:E9:E9,2020-07-02 07:59:08.130532,f9a060e2-bc1f-11ea-9f4a-dca63233e9e8,1,1,1,-52,0.97155,36.34149932861328,34.986289978027344,1008.341796875,0.07029104422365488,359.8142029797219,154.283646104563
278,DC:A6:32:33:E9:E9,2020-07-02 07:59:10.136161,f9a060e2-bc1f-11ea-9f4a-dca63233e9e8,1,1,1,-54,0.97155,36.37852478027344,34.64619064331055,1008.34423828125,0.07485970706666617,359.8137063636043,154.26554610326244
279,DC:A6:32:33:E9:E9,2020-07-02 07:59:11.523634,f9a060e2-bc1f-11ea-9f4a-dca63233e9e8,1,1,1,-53,0.97155,36.34149932861328,33.42183303833008,1008.35009765625,0.07625160490400089,359.8172211095821,154.28297674602433
280,DC:A6:32:33:E9:E9,2020-07-02 07:59:12.076088,f9a060e2-bc1f-11ea-9f4a-dca63233e9e8,1,1,1,-52,0.97155,36.30447769165039,34.64958953857422,1008.352783203125,0.07089462217091509,359.8171393073946,154.3019100304036
281,DC:A6:32:33:E9:E9,2020-07-02 07:59:13.378630,f9a060e2-bc1f-11ea-9f4a-dca63233e9e8,1,1,1,-54,0.97155,36.415550231933594,36.197044372558594,1008.35205078125,0.07320756167967678,359.81740037536736,154.31476444642158
282,DC:A6:32:33:E9:E9,2020-07-02 07:59:14.378622,f9a060e2-bc1f-11ea-9f4a-dca63233e9e8,1,1,1,-53,0.97155,36.37852478027344,34.04421615600586,1008.349853515625,0.06784975185337118,359.822179920301,154.30625403071573
283,DC:A6:32:33:E9:E9,2020-07-02 07:59:15.196106,f9a060e2-bc1f-11ea-9f4a-dca63233e9e8,1,1,1,-54,0.97155,36.360015869140625,36.2480583190918,1008.35205078125,0.0633866634578042,359.8184420192364,154.2776082173367
284,DC:A6:32:33:E9:E9,2020-07-02 07:59:17.201096,f9a060e2-bc1f-11ea-9f4a-dca63233e9e8,1,1,1,-53,0.97155,36.34149932861328,33.7313232421875,1008.358642578125,0.06370175262401731,359.8217289810734,154.24908534736272
285,DC:A6:32:33:E9:E9,2020-07-02 07:59:19.206077,f9a060e2-bc1f-11ea-9f4a-dca63233e9e8,1,1,1,-54,0.97155,36.30447769165039,35.622276306152344,1008.369384765625,0.06051208763215441,359.82102206983456,154.23901764852613
286,DC:A6:32:33:E9:E9,2020-07-02 07:59:21.211063,f9a060e2-bc1f-11ea-9f4a-dca63233e9e8,1,1,1,-54,0.97155,36.415550231933594,32.19747543334961,1008.366943359375,0.06428405960129395,359.82100221959723,154.2476373472587
287,DC:A6:32:33:E9:E9,2020-07-02 07:59:22.544823,f9a060e2-bc1f-11ea-9f4a-dca63233e9e8,1,1,1,-51,0.97155,36.34149932861328,36.36369323730469,1008.36474609375,0.06612785049144039,359.82059256832963,154.25090217768195
288,DC:A6:32:33:E9:E9,2020-07-02 07:59:24.549774,f9a060e2-bc1f-11ea-9f4a-dca63233e9e8,1,1,1,-53,0.97155,36.32299041748047,34.6631965637207,1008.36474609375,0.06964511109941267,359.81977577375443,154.2447823281856
289,DC:A6:32:33:E9:E9,2020-07-02 07:59:25.280228,f9a060e2-bc1f-11ea-9f4a-dca63233e9e8,1,1,1,-52,0.97155,36.32299041748047,34.41492462158203,1008.364501953125,0.06525706807332987,359.81687362370803,154.2597267820896
290,DC:A6:32:33:E9:E9,2020-07-02 07:59:26.946018,f9a060e2-bc1f-11ea-9f4a-dca63233e9e8,1,1,1,-53,0.97155,36.34149932861328,32.33011245727539,1008.365478515625,0.0712593502705298,359.8169067607977,154.26620180142277
291,DC:A6:32:33:E9:E9,2020-07-02 07:59:27.037103,f9a060e2-bc1f-11ea-9f4a-dca63233e9e8,1,1,1,-52,0.97155,36.32299041748047,35.45902633666992,1008.3701171875,0.07563347945422134,359.81342767320984,154.28240301013403
292,DC:A6:32:33:E9:E9,2020-07-02 07:59:29.042230,f9a060e2-bc1f-11ea-9f4a-dca63233e9e8,1,1,1,-53,0.97155,36.30447769165039,32.782447814941406,1008.374755859375,0.07734962451414655,359.81209686687896,154.28606399152918
293,DC:A6:32:33:E9:E9,2020-07-02 07:59:31.048327,f9a060e2-bc1f-11ea-9f4a-dca63233e9e8,1,1,1,-52,0.97155,36.34149932861328,33.078330993652344,1008.3720703125,0.08757265012340364,359.8160142204918,154.29042165221964
294,DC:A6:32:33:E9:E9,2020-07-02 07:59:32.448454,f9a060e2-bc1f-11ea-9f4a-dca63233e9e8,1,1,1,-51,0.97155,36.32299041748047,33.2177734375,1008.364990234375,0.08741009962528526,359.81366295455047,154.29793486030664
295,DC:A6:32:33:E9:E9,2020-07-02 07:59:33.549680,f9a060e2-bc1f-11ea-9f4a-dca63233e9e8,1,1,1,-51,0.97155,36.360015869140625,33.08513641357422,1008.36376953125,0.08894349710427296,359.8178073319119,154.30796157800822
296,DC:A6:32:33:E9:E9,2020-07-02 07:59:35.554670,f9a060e2-bc1f-11ea-9f4a-dca63233e9e8,1,1,1,-51,0.97155,36.28596496582031,32.26209259033203,1008.365234375,0.08840078387984124,359.8086592806945,154.324504296178
297,DC:A6:32:33:E9:E9,2020-07-02 07:59:37.399633,f9a060e2-bc1f-11ea-9f4a-dca63233e9e8,1,1,1,-51,0.97155,36.34149932861328,35.83993911743164,1008.360595703125,0.08518093665556202,359.80651617544027,154.34906565643337
298,DC:A6:32:33:E9:E9,2020-07-02 07:59:39.404649,f9a060e2-bc1f-11ea-9f4a-dca63233e9e8,1,1,1,-51,0.97155,36.30447769165039,32.231483459472656,1008.355712890625,0.08663487315448881,359.80242450526123,154.38753328183887
299,DC:A6:32:33:E9:E9,2020-07-02 07:59:40.187107,f9a060e2-bc1f-11ea-9f4a-dca63233e9e8,1,1,1,-52,0.97155,36.230430603027344,34.19045639038086,1008.347900390625,0.08684941046353598,359.80521338355715,154.38911788572634
300,DC:A6:32:33:E9:E9,2020-07-02 07:59:41.007101,f9a060e2-bc1f-11ea-9f4a-dca63233e9e8,1,1,1,-52,0.97155,36.2674560546875,34.93867492675781,1008.3447265625,0.08742416021002197,359.80474810360033,154.36517124249625
301,DC:A6:32:33:E9:E9,2020-07-02 07:59:42.395847,f9a060e2-bc1f-11ea-9f4a-dca63233e9e8,1,1,1,-51,0.97155,36.360015869140625,34.69040298461914,1008.34619140625,0.08647702508153143,359.8051122914213,154.35349161901553
302,DC:A6:32:33:E9:E9,2020-07-02 07:59:43.130185,f9a060e2-bc1f-11ea-9f4a-dca63233e9e8,1,1,1,-52,0.97155,36.30447769165039,33.84355545043945,1008.343505859375,0.09063310180999164,359.8132144699221,154.3253922207701
303,DC:A6:32:33:E9:E9,2020-07-02 07:59:45.135849,f9a060e2-bc1f-11ea-9f4a-dca63233e9e8,1,1,1,-51,0.97155,36.28596496582031,34.01020431518555,1008.3505859375,0.08110069236916614,359.81223236342464,154.34939350551352
304,DC:A6:32:33:E9:E9,2020-07-02 07:59:46.193912,f9a060e2-bc1f-11ea-9f4a-dca63233e9e8,1,1,1,-52,0.97155,36.434059143066406,35.6902961730957,1008.36181640625,0.07451873121669443,359.8131258909063,154.3988304147261
305,DC:A6:32:33:E9:E9,2020-07-02 07:59:47.014535,f9a060e2-bc1f-11ea-9f4a-dca63233e9e8,1,1,1,-52,0.97155,36.34149932861328,35.21415710449219,1008.363037109375,0.07579571645732898,359.80832047929925,154.45490626781188
306,DC:A6:32:33:E9:E9,2020-07-02 07:59:48.375892,f9a060e2-bc1f-11ea-9f4a-dca63233e9e8,1,1,1,-51,0.97155,36.48959732055664,32.989906311035156,1008.355224609375,0.06783651836185428,359.8067554188242,154.51659653639544
307,DC:A6:32:33:E9:E9,2020-07-02 07:59:50.004489,f9a060e2-bc1f-11ea-9f4a-dca63233e9e8,1,1,1,-51,0.97155,36.30447769165039,36.261661529541016,1008.359375,0.06693748137213813,359.812378412079,154.5714702761873
308,DC:A6:32:33:E9:E9,2020-07-02 07:59:51.099484,f9a060e2-bc1f-11ea-9f4a-dca63233e9e8,1,1,1,-51,0.97155,36.37852478027344,34.29928970336914,1008.36474609375,0.06879743393060384,359.8128943314852,154.63343375233768
309,DC:A6:32:33:E9:E9,2020-07-02 07:59:52.164493,f9a060e2-bc1f-11ea-9f4a-dca63233e9e8,1,1,1,-52,0.97155,36.37852478027344,31.316617965698242,1008.3662109375,0.0708922142624284,359.8191035604101,154.64986718748074
310,DC:A6:32:33:E9:E9,2020-07-02 07:59:53.047015,f9a060e2-bc1f-11ea-9f4a-dca63233e9e8,1,1,1,-51,0.97155,36.34149932861328,35.78892517089844,1008.365234375,0.07068251278067446,359.8151474668181,154.64714877219106
311,DC:A6:32:33:E9:E9,2020-07-02 07:59:54.136950,f9a060e2-bc1f-11ea-9f4a-dca63233e9e8,1,1,1,-52,0.97155,36.28596496582031,32.428741455078125,1008.366943359375,0.071342152974003,359.8206653658732,154.67877254804822
312,DC:A6:32:33:E9:E9,2020-07-02 07:59:55.021935,f9a060e2-bc1f-11ea-9f4a-dca63233e9e8,1,1,1,-52,0.97155,36.28596496582031,33.836753845214844,1008.3681640625,0.07250217122510107,359.82171701490216,154.7050414555961
313,DC:A6:32:33:E9:E9,2020-07-02 07:59:57.026935,f9a060e2-bc1f-11ea-9f4a-dca63233e9e8,1,1,1,-53,0.97155,36.32299041748047,31.925395965576172,1008.3701171875,0.06819447630325848,359.8162880283682,154.69424975670748
314,DC:A6:32:33:E9:E9,2020-07-02 07:59:58.328183,f9a060e2-bc1f-11ea-9f4a-dca63233e9e8,1,1,1,-51,0.97155,36.28596496582031,35.38080596923828,1008.37646484375,0.06663570573872124,359.8077462631613,154.6978834173459
315,DC:A6:32:33:E9:E9,2020-07-02 07:59:59.215661,f9a060e2-bc1f-11ea-9f4a-dca63233e9e8,1,1,1,-51,0.97155,36.30447769165039,36.3704948425293,1008.362548828125,0.07066128183133057,359.806084526161,154.71775926783064
316,DC:A6:32:33:E9:E9,2020-07-02 08:00:01.220654,f9a060e2-bc1f-11ea-9f4a-dca63233e9e8,1,1,1,-53,0.97155,36.360015869140625,35.6392822265625,1008.363037109375,0.07161237900314824,359.809810381013,154.74409647727023
317,DC:A6:32:33:E9:E9,2020-07-02 08:00:02.015625,f9a060e2-bc1f-11ea-9f4a-dca63233e9e8,1,1,1,-52,0.97155,36.37852478027344,35.81953430175781,1008.354248046875,0.06744259520560172,359.81699231158507,154.76197791251732
318,DC:A6:32:33:E9:E9,2020-07-02 08:00:04.019986,f9a060e2-bc1f-11ea-9f4a-dca63233e9e8,1,1,1,-53,0.97155,36.32299041748047,36.03379440307617,1008.3505859375,0.06999996077113599,359.8194154145746,154.76741474309665
319,DC:A6:32:33:E9:E9,2020-07-02 08:00:05.015590,f9a060e2-bc1f-11ea-9f4a-dca63233e9e8,1,1,1,-52,0.97155,36.397037506103516,33.66330337524414,1008.35107421875,0.06730867280505923,359.81747513392224,154.7639586673766
320,DC:A6:32:33:E9:E9,2020-07-02 08:00:06.049338,f9a060e2-bc1f-11ea-9f4a-dca63233e9e8,1,1,1,-51,0.97155,36.32299041748047,35.173343658447266,1008.346435546875,0.06703519176388766,359.82546421409535,154.762005233274
321,DC:A6:32:33:E9:E9,2020-07-02 08:00:07.144324,f9a060e2-bc1f-11ea-9f4a-dca63233e9e8,1,1,1,-51,0.97155,36.32299041748047,31.13636589050293,1008.347900390625,0.06243421225434442,359.8272578991446,154.7807062912215
322,DC:A6:32:33:E9:E9,2020-07-02 08:00:09.039339,f9a060e2-bc1f-11ea-9f4a-dca63233e9e8,1,1,1,-52,0.97155,36.37852478027344,33.98639678955078,1008.3486328125,0.059599963893266814,359.82156174816043,154.79208538637874
323,DC:A6:32:33:E9:E9,2020-07-02 08:00:10.439319,f9a060e2-bc1f-11ea-9f4a-dca63233e9e8,1,1,1,-52,0.97155,36.34149932861328,33.20756912231445,1008.337158203125,0.056482943032508025,359.8312707153233,154.7899953484927
324,DC:A6:32:33:E9:E9,2020-07-02 08:00:11.538048,f9a060e2-bc1f-11ea-9f4a-dca63233e9e8,1,1,1,-52,0.97155,36.360015869140625,34.5135498046875,1008.33642578125,0.05648669830253021,359.82266443684523,154.7864026689893
325,DC:A6:32:33:E9:E9,2020-07-02 08:00:12.089290,f9a060e2-bc1f-11ea-9f4a-dca63233e9e8,1,1,1,-52,0.97155,36.37852478027344,35.33999252319336,1008.34130859375,0.05165233843276278,359.8195915454098,154.7805696874381
326,DC:A6:32:33:E9:E9,2020-07-02 08:00:13.178033,f9a060e2-bc1f-11ea-9f4a-dca63233e9e8,1,1,1,-51,0.97155,36.415550231933594,33.33340835571289,1008.33837890625,0.049229108711182586,359.8186280218294,154.73730726923523
327,DC:A6:32:33:E9:E9,2020-07-02 08:00:14.814283,f9a060e2-bc1f-11ea-9f4a-dca63233e9e8,1,1,1,-51,0.97155,36.37852478027344,34.82304382324219,1008.33642578125,0.04869102454073913,359.69165874052175,154.69486447373276
328,DC:A6:32:33:E9:E9,2020-07-02 08:00:15.005532,f9a060e2-bc1f-11ea-9f4a-dca63233e9e8,1,1,1,-51,0.97155,36.37852478027344,35.91816329956055,1008.332763671875,0.050033730341815214,359.69430909404355,154.64478552673825
329,DC:A6:32:33:E9:E9,2020-07-02 08:00:16.484262,f9a060e2-bc1f-11ea-9f4a-dca63233e9e8,1,1,1,-53,0.97155,36.397037506103516,33.97279357910156,1008.328857421875,0.05551088505066422,359.70268853553597,154.59362740985483
330,DC:A6:32:33:E9:E9,2020-07-02 08:00:17.035439,f9a060e2-bc1f-11ea-9f4a-dca63233e9e8,1,1,1,-52,0.97155,36.360015869140625,34.74481964111328,1008.328857421875,0.058369956213495944,359.7114440376391,154.57433895563872
331,DC:A6:32:33:E9:E9,2020-07-02 08:00:19.040448,f9a060e2-bc1f-11ea-9f4a-dca63233e9e8,1,1,1,-51,0.97155,36.230430603027344,32.39133071899414,1008.331298828125,0.053562770358063116,359.71850365179614,154.54830227452263
332,DC:A6:32:33:E9:E9,2020-07-02 08:00:20.792286,f9a060e2-bc1f-11ea-9f4a-dca63233e9e8,1,1,1,-51,0.97155,36.32299041748047,34.05441665649414,1008.339111328125,0.0500861306993539,359.72680379906114,154.5225524613517
333,DC:A6:32:33:E9:E9,2020-07-02 08:00:21.249155,f9a060e2-bc1f-11ea-9f4a-dca63233e9e8,1,1,1,-52,0.97155,36.37852478027344,32.598793029785156,1008.3486328125,0.04950331345892149,359.7295570589878,154.49131117608806
334,DC:A6:32:33:E9:E9,2020-07-02 08:00:22.502407,f9a060e2-bc1f-11ea-9f4a-dca63233e9e8,1,1,1,-51,0.97155,36.34149932861328,33.10213851928711,1008.3564453125,0.049098828188849884,359.72925853169625,154.468047551775
335,DC:A6:32:33:E9:E9,2020-07-02 08:00:24.507896,f9a060e2-bc1f-11ea-9f4a-dca63233e9e8,1,1,1,-52,0.97155,36.32299041748047,34.69720458984375,1008.35302734375,0.05050951238145544,359.7303662496414,154.4813664206565
336,DC:A6:32:33:E9:E9,2020-07-02 08:00:25.584788,f9a060e2-bc1f-11ea-9f4a-dca63233e9e8,1,1,1,-51,0.97155,36.211917877197266,33.955787658691406,1008.357177734375,0.04139427141842302,359.73198300344274,154.50465736572625
337,DC:A6:32:33:E9:E9,2020-07-02 08:00:26.129115,f9a060e2-bc1f-11ea-9f4a-dca63233e9e8,1,1,1,-52,0.97155,36.28596496582031,34.0272102355957,1008.361572265625,0.04126007220845616,359.73643425906914,154.52565336723487
338,DC:A6:32:33:E9:E9,2020-07-02 08:00:27.229710,f9a060e2-bc1f-11ea-9f4a-dca63233e9e8,1,1,1,-51,0.97155,36.28596496582031,34.23807144165039,1008.36865234375,0.040464882108571965,359.74625476375473,154.51524415893977
339,DC:A6:32:33:E9:E9,2020-07-02 08:00:28.138647,f9a060e2-bc1f-11ea-9f4a-dca63233e9e8,1,1,1,-52,0.97155,36.32299041748047,31.320018768310547,1008.378173828125,0.04282106725354828,359.75826823941156,154.51796257422944
340,DC:A6:32:33:E9:E9,2020-07-02 08:00:30.144091,f9a060e2-bc1f-11ea-9f4a-dca63233e9e8,1,1,1,-52,0.97155,36.28596496582031,33.71772003173828,1008.381103515625,0.038030139782980595,359.7628069801563,154.51878219692983
341,DC:A6:32:33:E9:E9,2020-07-02 08:00:32.149083,f9a060e2-bc1f-11ea-9f4a-dca63233e9e8,1,1,1,-52,0.97155,36.32299041748047,35.040706634521484,1008.382080078125,0.036703912480287836,359.76843113400975,154.51222521532662
342,DC:A6:32:33:E9:E9,2020-07-02 08:00:34.154087,f9a060e2-bc1f-11ea-9f4a-dca63233e9e8,1,1,1,-53,0.97155,36.28596496582031,34.8094367980957,1008.375732421875,0.030723218083135502,359.7683290013373,154.4820767603302
343,DC:A6:32:33:E9:E9,2020-07-02 08:00:36.116525,f9a060e2-bc1f-11ea-9f4a-dca63233e9e8,1,1,1,-51,0.97155,36.230430603027344,33.67690658569336,1008.381591796875,0.036063975781889204,359.77505196187343,154.47258279738386
344,DC:A6:32:33:E9:E9,2020-07-02 08:00:38.121507,f9a060e2-bc1f-11ea-9f4a-dca63233e9e8,1,1,1,-52,0.97155,36.32299041748047,34.74821853637695,1008.37890625,0.03938892054099001,359.78401998691345,154.4420791725506
345,DC:A6:32:33:E9:E9,2020-07-02 08:00:40.126513,f9a060e2-bc1f-11ea-9f4a-dca63233e9e8,1,1,1,-53,0.97155,36.415550231933594,33.96599197387695,1008.377685546875,0.03526017123931647,359.786567153886,154.4287329829124
346,DC:A6:32:33:E9:E9,2020-07-02 08:00:41.095260,f9a060e2-bc1f-11ea-9f4a-dca63233e9e8,1,1,1,-51,0.97155,36.28596496582031,32.83346176147461,1008.3681640625,0.03852603886416063,359.7923423322933,154.41400709506186
347,DC:A6:32:33:E9:E9,2020-07-02 08:00:42.187714,f9a060e2-bc1f-11ea-9f4a-dca63233e9e8,1,1,1,-53,0.97155,36.34149932861328,34.24147033691406,1008.356689453125,0.04219783917221106,359.7948347243503,154.42339177498144
348,DC:A6:32:33:E9:E9,2020-07-02 08:00:44.192724,f9a060e2-bc1f-11ea-9f4a-dca63233e9e8,1,1,1,-52,0.97155,36.28596496582031,33.02391815185547,1008.353271484375,0.03472242390925689,359.79711432666625,154.42900619047919
349,DC:A6:32:33:E9:E9,2020-07-02 08:00:45.255908,f9a060e2-bc1f-11ea-9f4a-dca63233e9e8,1,1,1,-51,0.97155,36.37852478027344,32.415138244628906,1008.342041015625,0.04264619039841215,359.798532031146,154.43698385142977
350,DC:A6:32:33:E9:E9,2020-07-02 08:00:46.230193,f9a060e2-bc1f-11ea-9f4a-dca63233e9e8,1,1,1,-52,0.97155,36.248939514160156,37.179931640625,1008.32958984375,0.043840723116170606,359.80591499873134,154.4331043039812
351,DC:A6:32:33:E9:E9,2020-07-02 08:00:47.353925,f9a060e2-bc1f-11ea-9f4a-dca63233e9e8,1,1,1,-51,0.97155,36.30447769165039,33.25858688354492,1008.328125,0.0394194429488435,359.8102203791262,154.40429456606208
352,DC:A6:32:33:E9:E9,2020-07-02 08:00:48.147655,f9a060e2-bc1f-11ea-9f4a-dca63233e9e8,1,1,1,-51,0.97155,36.37852478027344,34.42512512207031,1008.3291015625,0.043283038837449724,359.8133562096876,154.34871048659653
353,DC:A6:32:33:E9:E9,2020-07-02 08:00:49.243903,f9a060e2-bc1f-11ea-9f4a-dca63233e9e8,1,1,1,-51,0.97155,36.230430603027344,34.863853454589844,1008.324462890625,0.0459865164233587,359.81845804083247,154.31503765398836
354,DC:A6:32:33:E9:E9,2020-07-02 08:00:50.698530,f9a060e2-bc1f-11ea-9f4a-dca63233e9e8,1,1,1,-51,0.97155,36.360015869140625,34.918270111083984,1008.310791015625,0.048288430245891835,359.8193436709079,154.28706119914798
355,DC:A6:32:33:E9:E9,2020-07-02 08:00:51.423895,f9a060e2-bc1f-11ea-9f4a-dca63233e9e8,1,1,1,-52,0.97155,36.32299041748047,36.78541564941406,1008.30712890625,0.05140431385347339,359.8206263724299,154.25357961183659
356,DC:A6:32:33:E9:E9,2020-07-02 08:00:52.247662,f9a060e2-bc1f-11ea-9f4a-dca63233e9e8,1,1,1,-51,0.97155,36.248939514160156,34.6631965637207,1008.309814453125,0.0544874672479131,359.8264108089452,154.1932417207087
357,DC:A6:32:33:E9:E9,2020-07-02 08:00:54.003869,f9a060e2-bc1f-11ea-9f4a-dca63233e9e8,1,1,1,-52,0.97155,36.34149932861328,34.06801986694336,1008.32080078125,0.04907704695571055,359.82112205473265,154.1681612660764
358,DC:A6:32:33:E9:E9,2020-07-02 08:00:56.012116,f9a060e2-bc1f-11ea-9f4a-dca63233e9e8,1,1,1,-52,0.97155,36.30447769165039,29.990230560302734,1008.322998046875,0.049550537813729784,359.8136664230059,154.15772473702464
359,DC:A6:32:33:E9:E9,2020-07-02 08:00:58.017610,f9a060e2-bc1f-11ea-9f4a-dca63233e9e8,1,1,1,-51,0.97155,36.30447769165039,35.350196838378906,1008.328125,0.048552566467700925,359.8141555285835,154.14074488674797
360,DC:A6:32:33:E9:E9,2020-07-02 08:01:00.022449,f9a060e2-bc1f-11ea-9f4a-dca63233e9e8,1,1,1,-51,0.97155,36.415550231933594,33.08173370361328,1008.340087890625,0.048711595149528504,359.81490303409123,154.11879265875555
361,DC:A6:32:33:E9:E9,2020-07-02 08:01:02.027569,f9a060e2-bc1f-11ea-9f4a-dca63233e9e8,1,1,1,-51,0.97155,36.2674560546875,34.098628997802734,1008.344482421875,0.04624526986913244,359.68000296934224,154.13033567845287
362,DC:A6:32:33:E9:E9,2020-07-02 08:01:04.032567,f9a060e2-bc1f-11ea-9f4a-dca63233e9e8,1,1,1,-51,0.97155,36.30447769165039,34.55436325073242,1008.355712890625,0.04428608279955651,359.6883860393727,154.1492826232105
363,DC:A6:32:33:E9:E9,2020-07-02 08:01:06.037552,f9a060e2-bc1f-11ea-9f4a-dca63233e9e8,1,1,1,-51,0.97155,36.30447769165039,35.93516540527344,1008.366455078125,0.04827215518576017,359.69515507700527,154.1779830781029
364,DC:A6:32:33:E9:E9,2020-07-02 08:01:08.042564,f9a060e2-bc1f-11ea-9f4a-dca63233e9e8,1,1,1,-52,0.97155,36.397037506103516,34.476139068603516,1008.369873046875,0.04913880213777165,359.6987499976645,154.20391047619225
365,DC:A6:32:33:E9:E9,2020-07-02 08:01:09.349387,f9a060e2-bc1f-11ea-9f4a-dca63233e9e8,1,1,1,-52,0.97155,36.37852478027344,36.5167350769043,1008.371826171875,0.0476393688416489,359.70229305157477,154.21072700498394
366,DC:A6:32:33:E9:E9,2020-07-02 08:01:10.004861,f9a060e2-bc1f-11ea-9f4a-dca63233e9e8,1,1,1,-51,0.97155,36.32299041748047,34.06801986694336,1008.366455078125,0.04102880293697445,359.7049640290662,154.20858232558456
367,DC:A6:32:33:E9:E9,2020-07-02 08:01:11.635046,f9a060e2-bc1f-11ea-9f4a-dca63233e9e8,1,1,1,-51,0.97155,36.28596496582031,33.97279357910156,1008.354736328125,0.0407544547819434,359.7084151689073,154.22580806267132
368,DC:A6:32:33:E9:E9,2020-07-02 08:01:12.009330,f9a060e2-bc1f-11ea-9f4a-dca63233e9e8,1,1,1,-51,0.97155,36.34149932861328,36.59836196899414,1008.35595703125,0.0355222764136624,359.7136638757998,154.24237810159778
369,DC:A6:32:33:E9:E9,2020-07-02 08:01:14.015052,f9a060e2-bc1f-11ea-9f4a-dca63233e9e8,1,1,1,-53,0.97155,36.34149932861328,35.52024459838867,1008.35595703125,0.02936359689169306,359.7215389505107,154.28819501055023
370,DC:A6:32:33:E9:E9,2020-07-02 08:01:16.019333,f9a060e2-bc1f-11ea-9f4a-dca63233e9e8,1,1,1,-51,0.97155,36.28596496582031,33.29259490966797,1008.363037109375,0.027368029393132227,359.7297365915773,154.31864399387013
371,DC:A6:32:33:E9:E9,2020-07-02 08:01:17.624995,f9a060e2-bc1f-11ea-9f4a-dca63233e9e8,1,1,1,-51,0.97155,36.34149932861328,33.010311126708984,1008.355224609375,0.03235897168312753,359.73371955235876,154.35365554355562
372,DC:A6:32:33:E9:E9,2020-07-02 08:01:18.718690,f9a060e2-bc1f-11ea-9f4a-dca63233e9e8,1,1,1,-51,0.97155,36.37852478027344,33.84355545043945,1008.34375,0.03045452617851087,359.7365729172454,154.36596354443998
373,DC:A6:32:33:E9:E9,2020-07-02 08:01:19.156173,f9a060e2-bc1f-11ea-9f4a-dca63233e9e8,1,1,1,-53,0.97155,36.2674560546875,32.72462844848633,1008.3349609375,0.03000861954638283,359.7434557202164,154.36697441243714
374,DC:A6:32:33:E9:E9,2020-07-02 08:01:20.064964,f9a060e2-bc1f-11ea-9f4a-dca63233e9e8,1,1,1,-51,0.97155,36.47108459472656,34.04761505126953,1008.331298828125,0.031558292085502204,359.74334310213635,154.39631690511152
375,DC:A6:32:33:E9:E9,2020-07-02 08:01:21.053677,f9a060e2-bc1f-11ea-9f4a-dca63233e9e8,1,1,1,-51,0.97155,36.34149932861328,36.90105056762695,1008.327392578125,0.032359455265856846,359.74729786170707,154.43668332310628
376,DC:A6:32:33:E9:E9,2020-07-02 08:01:22.021772,f9a060e2-bc1f-11ea-9f4a-dca63233e9e8,1,1,1,-52,0.97155,36.34149932861328,33.5136604309082,1008.325927734375,0.031064197268160537,359.7519656289941,154.48342913778586
377,DC:A6:32:33:E9:E9,2020-07-02 08:01:23.119263,f9a060e2-bc1f-11ea-9f4a-dca63233e9e8,1,1,1,-52,0.97155,36.32299041748047,33.87416458129883,1008.319580078125,0.02553134550158018,359.7493948898648,154.491229213818
378,DC:A6:32:33:E9:E9,2020-07-02 08:01:25.124932,f9a060e2-bc1f-11ea-9f4a-dca63233e9e8,1,1,1,-53,0.97155,36.230430603027344,34.86725616455078,1008.31396484375,0.030050357738503296,359.7500600062157,154.49640649720888
379,DC:A6:32:33:E9:E9,2020-07-02 08:01:27.129257,f9a060e2-bc1f-11ea-9f4a-dca63233e9e8,1,1,1,-51,0.97155,36.37852478027344,33.639495849609375,1008.31005859375,0.03547118673207284,359.75234622527734,154.474194722028
380,DC:A6:32:33:E9:E9,2020-07-02 08:01:28.074928,f9a060e2-bc1f-11ea-9f4a-dca63233e9e8,1,1,1,-51,0.97155,36.30447769165039,34.50674819946289,1008.30859375,0.035409178085960516,359.76275946231686,154.4550838527303
381,DC:A6:32:33:E9:E9,2020-07-02 08:01:29.583589,f9a060e2-bc1f-11ea-9f4a-dca63233e9e8,1,1,1,-52,0.97155,36.32299041748047,31.90498924255371,1008.312255859375,0.04254287044700248,359.76418283638725,154.4269981148632
382,DC:A6:32:33:E9:E9,2020-07-02 08:01:30.673576,f9a060e2-bc1f-11ea-9f4a-dca63233e9e8,1,1,1,-53,0.97155,36.397037506103516,35.431819915771484,1008.313720703125,0.045748887205223084,359.7706164476986,154.42546815248912
383,DC:A6:32:33:E9:E9,2020-07-02 08:01:32.306089,f9a060e2-bc1f-11ea-9f4a-dca63233e9e8,1,1,1,-51,0.97155,36.360015869140625,32.19407272338867,1008.3173828125,0.03971155693283386,359.7721059091853,154.44311736130445
384,DC:A6:32:33:E9:E9,2020-07-02 08:01:33.397321,f9a060e2-bc1f-11ea-9f4a-dca63233e9e8,1,1,1,-51,0.97155,36.34149932861328,32.52397155761719,1008.315185546875,0.03715604565693755,359.769860191011,154.4723505709521
385,DC:A6:32:33:E9:E9,2020-07-02 08:01:34.673567,f9a060e2-bc1f-11ea-9f4a-dca63233e9e8,1,1,1,-51,0.97155,36.360015869140625,34.091827392578125,1008.307373046875,0.036736892822427605,359.7768987009507,154.52305789535026
386,DC:A6:32:33:E9:E9,2020-07-02 08:01:35.185841,f9a060e2-bc1f-11ea-9f4a-dca63233e9e8,1,1,1,-51,0.97155,36.397037506103516,36.67998504638672,1008.306396484375,0.040034293376276876,359.7724949364833,154.57086921954036
387,DC:A6:32:33:E9:E9,2020-07-02 08:01:36.114017,f9a060e2-bc1f-11ea-9f4a-dca63233e9e8,1,1,1,-51,0.97155,36.360015869140625,31.153369903564453,1008.310302734375,0.04068889430406054,359.7735956374763,154.58421540917857
388,DC:A6:32:33:E9:E9,2020-07-02 08:01:37.086033,f9a060e2-bc1f-11ea-9f4a-dca63233e9e8,1,1,1,-52,0.97155,36.397037506103516,32.360721588134766,1008.31103515625,0.04095103949904614,359.7721942213969,154.60189193875055
389,DC:A6:32:33:E9:E9,2020-07-02 08:01:38.173509,f9a060e2-bc1f-11ea-9f4a-dca63233e9e8,1,1,1,-51,0.97155,36.30447769165039,34.73121643066406,1008.304931640625,0.04084124287411686,359.7720848850093,154.61417261887823
390,DC:A6:32:33:E9:E9,2020-07-02 08:01:39.502258,f9a060e2-bc1f-11ea-9f4a-dca63233e9e8,1,1,1,-52,0.97155,36.37852478027344,34.11223602294922,1008.313720703125,0.041643876812979305,359.7724501133669,154.6193499022691
391,DC:A6:32:33:E9:E9,2020-07-02 08:01:41.507267,f9a060e2-bc1f-11ea-9f4a-dca63233e9e8,1,1,1,-51,0.97155,36.32299041748047,32.415138244628906,1008.306396484375,0.050442644562676754,359.76849439330084,154.6203334495096
392,DC:A6:32:33:E9:E9,2020-07-02 08:01:42.522225,f9a060e2-bc1f-11ea-9f4a-dca63233e9e8,1,1,1,-52,0.97155,36.37852478027344,35.65968704223633,1008.307861328125,0.042916783283421016,359.7681759890916,154.6231065063126
393,DC:A6:32:33:E9:E9,2020-07-02 08:01:43.124776,f9a060e2-bc1f-11ea-9f4a-dca63233e9e8,1,1,1,-51,0.97155,36.34149932861328,32.989906311035156,1008.308349609375,0.039356617214671284,359.7726412786224,154.6325868088806
394,DC:A6:32:33:E9:E9,2020-07-02 08:01:44.037222,f9a060e2-bc1f-11ea-9f4a-dca63233e9e8,1,1,1,-51,0.97155,36.360015869140625,32.93889236450195,1008.31787109375,0.04069832249975566,359.7784541831527,154.65897865983354
395,DC:A6:32:33:E9:E9,2020-07-02 08:01:45.073462,f9a060e2-bc1f-11ea-9f4a-dca63233e9e8,1,1,1,-52,0.97155,36.34149932861328,36.506534576416016,1008.32080078125,0.0483340504400601,359.7792483927469,154.706926587807
396,DC:A6:32:33:E9:E9,2020-07-02 08:01:46.158446,f9a060e2-bc1f-11ea-9f4a-dca63233e9e8,1,1,1,-52,0.97155,36.32299041748047,36.918052673339844,1008.332763671875,0.041891161010434844,359.78758187720473,154.7552843271307
397,DC:A6:32:33:E9:E9,2020-07-02 08:01:47.348456,f9a060e2-bc1f-11ea-9f4a-dca63233e9e8,1,1,1,-51,0.97155,36.34149932861328,34.227867126464844,1008.335693359375,0.0368826379869387,359.79112509119756,154.75574877999426
398,DC:A6:32:33:E9:E9,2020-07-02 08:01:48.285948,f9a060e2-bc1f-11ea-9f4a-dca63233e9e8,1,1,1,-51,0.97155,36.32299041748047,34.588375091552734,1008.33447265625,0.041392020257441695,359.79607437700423,154.73486206151236
399,DC:A6:32:33:E9:E9,2020-07-02 08:01:50.290944,f9a060e2-bc1f-11ea-9f4a-dca63233e9e8,1,1,1,-52,0.97155,36.32299041748047,35.95557403564453,1008.336669921875,0.04305212641667173,359.7959726845588,154.72258138138469
400,DC:A6:32:33:E9:E9,2020-07-02 08:01:52.295917,f9a060e2-bc1f-11ea-9f4a-dca63233e9e8,1,1,1,-52,0.97155,36.32299041748047,34.465938568115234,1008.33447265625,0.04767404339086795,359.8011489807739,154.71293715427663
401,DC:A6:32:33:E9:E9,2020-07-02 08:01:54.300903,f9a060e2-bc1f-11ea-9f4a-dca63233e9e8,1,1,1,-52,0.97155,36.37852478027344,34.857051849365234,1008.341064453125,0.03911485586548994,359.79346491123596,154.68987843563866
402,DC:A6:32:33:E9:E9,2020-07-02 08:01:55.037740,f9a060e2-bc1f-11ea-9f4a-dca63233e9e8,1,1,1,-52,0.97155,36.37852478027344,37.662872314453125,1008.34619140625,0.03803522907432505,359.78876017821807,154.66403299981934
403,DC:A6:32:33:E9:E9,2020-07-02 08:01:56.093221,f9a060e2-bc1f-11ea-9f4a-dca63233e9e8,1,1,1,-52,0.97155,36.28596496582031,35.23796463012695,1008.33642578125,0.04426861712539471,359.7940211447665,154.6695927738037
404,DC:A6:32:33:E9:E9,2020-07-02 08:01:57.247017,f9a060e2-bc1f-11ea-9f4a-dca63233e9e8,1,1,1,-51,0.97155,36.28596496582031,34.221065521240234,1008.34375,0.04219069882308362,359.7955576838657,154.6870234165656
405,DC:A6:32:33:E9:E9,2020-07-02 08:01:58.348352,f9a060e2-bc1f-11ea-9f4a-dca63233e9e8,1,1,1,-51,0.97155,36.2674560546875,34.38091278076172,1008.343994140625,0.04556908781140778,359.7992087534824,154.69580703983823
406,DC:A6:32:33:E9:E9,2020-07-02 08:02:00.353405,f9a060e2-bc1f-11ea-9f4a-dca63233e9e8,1,1,1,-36,0.97155,36.30447769165039,32.7552375793457,1008.339599609375,0.04080579125747758,359.797876413027,154.67164183055473
407,DC:A6:32:33:E9:E9,2020-07-02 08:02:01.657058,f9a060e2-bc1f-11ea-9f4a-dca63233e9e8,1,1,1,-51,0.97155,36.32299041748047,32.551177978515625,1008.339599609375,0.03943399378641614,359.80154722615924,154.65690228232583
408,DC:A6:32:33:E9:E9,2020-07-02 08:02:02.484036,f9a060e2-bc1f-11ea-9f4a-dca63233e9e8,1,1,1,-52,0.97155,36.415550231933594,33.41162872314453,1008.346435546875,0.04317454955341627,359.7965837997266,154.63724499789456
409,DC:A6:32:33:E9:E9,2020-07-02 08:02:03.293301,f9a060e2-bc1f-11ea-9f4a-dca63233e9e8,1,1,1,-51,0.97155,36.397037506103516,34.13603973388672,1008.340576171875,0.04437625597083522,359.80346397467554,154.61510152460536
410,DC:A6:32:33:E9:E9,2020-07-02 08:02:04.108886,f9a060e2-bc1f-11ea-9f4a-dca63233e9e8,1,1,1,-52,0.97155,36.32299041748047,34.081626892089844,1008.341796875,0.04251159765215521,359.80322482467307,154.62031978913126
411,DC:A6:32:33:E9:E9,2020-07-02 08:02:05.505822,f9a060e2-bc1f-11ea-9f4a-dca63233e9e8,1,1,1,-52,0.97155,36.37852478027344,34.142845153808594,1008.331787109375,0.042802971254311706,359.7990561147627,154.62680846884277
412,DC:A6:32:33:E9:E9,2020-07-02 08:02:07.165789,f9a060e2-bc1f-11ea-9f4a-dca63233e9e8,1,1,1,-51,0.97155,36.28596496582031,34.391117095947266,1008.328369140625,0.04775642587762462,359.80491014717035,154.6162763171426
413,DC:A6:32:33:E9:E9,2020-07-02 08:02:08.258736,f9a060e2-bc1f-11ea-9f4a-dca63233e9e8,1,1,1,-51,0.97155,36.248939514160156,33.384422302246094,1008.3232421875,0.04831543417250785,359.8098662765064,154.632081374882
414,DC:A6:32:33:E9:E9,2020-07-02 08:02:10.263256,f9a060e2-bc1f-11ea-9f4a-dca63233e9e8,1,1,1,-52,0.97155,36.230430603027344,33.81974792480469,1008.3291015625,0.054631418153745746,359.8122928346112,154.63309224287917
415,DC:A6:32:33:E9:E9,2020-07-02 08:02:11.048220,f9a060e2-bc1f-11ea-9f4a-dca63233e9e8,1,1,1,-51,0.97155,36.34149932861328,35.03050231933594,1008.33154296875,0.05776505091502007,359.80794084351135,154.63275073342066
416,DC:A6:32:33:E9:E9,2020-07-02 08:02:12.113225,f9a060e2-bc1f-11ea-9f4a-dca63233e9e8,1,1,1,-51,0.97155,36.360015869140625,33.58168029785156,1008.346435546875,0.05989997194843169,359.8011675903714,154.60489722198537
417,DC:A6:32:33:E9:E9,2020-07-02 08:02:13.208845,f9a060e2-bc1f-11ea-9f4a-dca63233e9e8,1,1,1,-51,0.97155,36.360015869140625,35.231163024902344,1008.346435546875,0.05857495527008888,359.8011418704403,154.59795774978863
418,DC:A6:32:33:E9:E9,2020-07-02 08:02:15.214324,f9a060e2-bc1f-11ea-9f4a-dca63233e9e8,1,1,1,-52,0.97155,36.415550231933594,34.56796646118164,1008.357666015625,0.054847949824669694,359.8002917786929,154.58201608826582
419,DC:A6:32:33:E9:E9,2020-07-02 08:02:17.219441,f9a060e2-bc1f-11ea-9f4a-dca63233e9e8,1,1,1,-51,0.97155,36.360015869140625,33.64289855957031,1008.35498046875,0.04978694973740883,359.7987768640793,154.57028182327173
420,DC:A6:32:33:E9:E9,2020-07-02 08:02:18.793184,f9a060e2-bc1f-11ea-9f4a-dca63233e9e8,1,1,1,-51,0.97155,36.32299041748047,34.34690475463867,1008.35546875,0.043192855661011095,359.7994344031891,154.59806703281535
421,DC:A6:32:33:E9:E9,2020-07-02 08:02:19.828168,f9a060e2-bc1f-11ea-9f4a-dca63233e9e8,1,1,1,-51,0.97155,36.32299041748047,34.34690475463867,1008.350830078125,0.04566980642123903,359.7988444589397,154.65214847066352
422,DC:A6:32:33:E9:E9,2020-07-02 08:02:20.084398,f9a060e2-bc1f-11ea-9f4a-dca63233e9e8,1,1,1,-51,0.97155,36.32299041748047,35.3229866027832,1008.3515625,0.04458947593382664,359.7945539528826,154.69106688855425
423,DC:A6:32:33:E9:E9,2020-07-02 08:02:21.718161,f9a060e2-bc1f-11ea-9f4a-dca63233e9e8,1,1,1,-53,0.97155,36.434059143066406,33.99319839477539,1008.347412109375,0.051703751614523,359.7938664916746,154.68714635997065
424,DC:A6:32:33:E9:E9,2020-07-02 08:02:22.531903,f9a060e2-bc1f-11ea-9f4a-dca63233e9e8,1,1,1,-51,0.97155,36.34149932861328,37.17652893066406,1008.341064453125,0.05497416491702278,359.7971587228958,154.68407277484414
425,DC:A6:32:33:E9:E9,2020-07-02 08:02:23.083145,f9a060e2-bc1f-11ea-9f4a-dca63233e9e8,1,1,1,-53,0.97155,36.360015869140625,33.16335678100586,1008.34521484375,0.0489368579900067,359.801571798832,154.68964620920687
426,DC:A6:32:33:E9:E9,2020-07-02 08:02:24.159414,f9a060e2-bc1f-11ea-9f4a-dca63233e9e8,1,1,1,-52,0.97155,36.37852478027344,31.71793556213379,1008.3544921875,0.04496453602858232,359.7997349848734,154.6931022849269
427,DC:A6:32:33:E9:E9,2020-07-02 08:02:26.164405,f9a060e2-bc1f-11ea-9f4a-dca63233e9e8,1,1,1,-52,0.97155,36.32299041748047,36.261661529541016,1008.368408203125,0.03581936629718482,359.79719770299886,154.7010116439858
428,DC:A6:32:33:E9:E9,2020-07-02 08:02:27.154376,f9a060e2-bc1f-11ea-9f4a-dca63233e9e8,1,1,1,-52,0.97155,36.37852478027344,33.91837692260742,1008.373291015625,0.031532095241786164,359.78966287042624,154.69628515308014
429,DC:A6:32:33:E9:E9,2020-07-02 08:02:29.159233,f9a060e2-bc1f-11ea-9f4a-dca63233e9e8,1,1,1,-52,0.97155,36.37852478027344,33.90817642211914,1008.3740234375,0.02463606211435956,359.7873348831569,154.65994854669566
430,DC:A6:32:33:E9:E9,2020-07-02 08:02:31.164381,f9a060e2-bc1f-11ea-9f4a-dca63233e9e8,1,1,1,-52,0.97155,36.34149932861328,30.847280502319336,1008.376708984375,0.026132175364916518,359.7918559481192,154.6196777513493
431,DC:A6:32:33:E9:E9,2020-07-02 08:02:33.035579,f9a060e2-bc1f-11ea-9f4a-dca63233e9e8,1,1,1,-52,0.97155,36.397037506103516,32.483158111572266,1008.376953125,0.024042249203178354,359.7929277275299,154.59918718383923
432,DC:A6:32:33:E9:E9,2020-07-02 08:02:34.233053,f9a060e2-bc1f-11ea-9f4a-dca63233e9e8,1,1,1,-53,0.97155,36.34149932861328,34.081626892089844,1008.3828125,0.025110326704745712,359.791972808387,154.58208439015752
433,DC:A6:32:33:E9:E9,2020-07-02 08:02:35.213050,f9a060e2-bc1f-11ea-9f4a-dca63233e9e8,1,1,1,-52,0.97155,36.360015869140625,34.965885162353516,1008.388916015625,0.09458113124313752,359.78932482942315,154.5635882378851
434,DC:A6:32:33:E9:E9,2020-07-02 08:02:36.335413,f9a060e2-bc1f-11ea-9f4a-dca63233e9e8,1,1,1,-51,0.97155,36.30447769165039,33.938785552978516,1008.3828125,0.09289095957835687,359.7890721524445,154.52040778195231
435,DC:A6:32:33:E9:E9,2020-07-02 08:02:37.152911,f9a060e2-bc1f-11ea-9f4a-dca63233e9e8,1,1,1,-53,0.97155,36.30447769165039,35.07131576538086,1008.37744140625,0.09095596165040697,359.78598275916534,154.49993087482062
436,DC:A6:32:33:E9:E9,2020-07-02 08:02:39.158056,f9a060e2-bc1f-11ea-9f4a-dca63233e9e8,1,1,1,-51,0.97155,36.32299041748047,33.80614471435547,1008.386474609375,0.08672211147885854,359.78977099285436,154.5042338939977
437,DC:A6:32:33:E9:E9,2020-07-02 08:02:40.198620,f9a060e2-bc1f-11ea-9f4a-dca63233e9e8,1,1,1,-52,0.97155,36.397037506103516,34.986289978027344,1008.38671875,0.0787617794652599,359.79593832016957,154.49348317624413
438,DC:A6:32:33:E9:E9,2020-07-02 08:02:42.204259,f9a060e2-bc1f-11ea-9f4a-dca63233e9e8,1,1,1,-51,0.97155,36.32299041748047,34.673397064208984,1008.38671875,0.08089998886123091,359.80096207104646,154.52174649902963
